ID;Active (0/1);Name *;Categories (x,y,z...);Reference #;EAN13;Tags,(x,y,z...);Feature(Name:Value:Position)
781;1;Bandhavgarh National Park;8;Umaria ;Madhya Pradesh;Bandhavgarh,National,Park,Umaria,Madhya,Pradesh;State:Madhya Pradesh,Dist/Location:Umaria 
782;1;Omkareshwar;8;Khandwa;Madhya Pradesh;Omkareshwar,Khandwa,Madhya,Pradesh;State:Madhya Pradesh,Dist/Location:Khandwa
783;1;Kanha Tiger Reserve;8;Mandla and Balaghat;Madhya Pradesh;Kanha,Tiger,Reserve,Mandla,and,Balaghat,Madhya,Pradesh;State:Madhya Pradesh,Dist/Location:Mandla and Balaghat
784;1;Bhimbetka rock shelters;8;Bhojpur Raisen;Madhya Pradesh;Bhimbetka,rock,shelters,Bhojpur,Raisen,Madhya,Pradesh;State:Madhya Pradesh,Dist/Location:Bhojpur Raisen
785;1;Mahakaleshwar Jyotirlinga;8;Ujjain;Madhya Pradesh;Mahakaleshwar,Jyotirlinga,Ujjain,Madhya,Pradesh;State:Madhya Pradesh,Dist/Location:Ujjain
786;1;Gwalior Fort;8;Gwalior;Madhya Pradesh;Gwalior,Fort,Gwalior,Madhya,Pradesh;State:Madhya Pradesh,Dist/Location:Gwalior
787;1;Van Vihar National Park;8;Bhopal;Madhya Pradesh;Van,Vihar,National,Park,Bhopal,Madhya,Pradesh;State:Madhya Pradesh,Dist/Location:Bhopal
788;1;Taj-ul-Masajid;8;Bhopal;Madhya Pradesh;Taj-ul-Masajid,Bhopal,Madhya,Pradesh;State:Madhya Pradesh,Dist/Location:Bhopal
789;1;Kandariya Mahadeva Temple;8;Khajuraho;Madhya Pradesh;Kandariya,Mahadeva,Temple,Khajuraho,Madhya,Pradesh;State:Madhya Pradesh,Dist/Location:Khajuraho
790;1;Lakshmana Temple;8;Khajuraho;Madhya Pradesh;Lakshmana,Temple,Khajuraho,Madhya,Pradesh;State:Madhya Pradesh,Dist/Location:Khajuraho
791;1;Lower Lake;8;Bhopal;Madhya Pradesh;Lower,Lake,Bhopal,Madhya,Pradesh;State:Madhya Pradesh,Dist/Location:Bhopal
792;1;Maharaja Chhatrasal Museum;8;Mausahaniya;Madhya Pradesh;Maharaja,Chhatrasal,Museum,Mausahaniya,Madhya,Pradesh;State:Madhya Pradesh,Dist/Location:Mausahaniya
793;1;Bharat Bhavan;8;Bhopal;Madhya Pradesh;Bharat,Bhavan,Bhopal,Madhya,Pradesh;State:Madhya Pradesh,Dist/Location:Bhopal
794;1;Dhupgarh;8;Pachmarhi;Madhya Pradesh;Dhupgarh,Pachmarhi,Madhya,Pradesh;State:Madhya Pradesh,Dist/Location:Pachmarhi
795;1;Devi Jagadambi Temple;8;Khajuraho;Madhya Pradesh;Devi,Jagadambi,Temple,Khajuraho,Madhya,Pradesh;State:Madhya Pradesh,Dist/Location:Khajuraho
796;1;Chaturbhuj Temple;8;Khajuraho;Madhya Pradesh;Chaturbhuj,Temple,Khajuraho,Madhya,Pradesh;State:Madhya Pradesh,Dist/Location:Khajuraho
797;1;Javari Temple;8;Khajuraho;Madhya Pradesh;Javari,Temple,Khajuraho,Madhya,Pradesh;State:Madhya Pradesh,Dist/Location:Khajuraho
798;1;Duladeo Temple;8;Khajuraho;Madhya Pradesh;Duladeo,Temple,Khajuraho,Madhya,Pradesh;State:Madhya Pradesh,Dist/Location:Khajuraho
799;1;Vamana Temple;8;Khajuraho;Madhya Pradesh;Vamana,Temple,Khajuraho,Madhya,Pradesh;State:Madhya Pradesh,Dist/Location:Khajuraho
800;1;Varaha Temple;8;Khajuraho;Madhya Pradesh;Varaha,Temple,Khajuraho,Madhya,Pradesh;State:Madhya Pradesh,Dist/Location:Khajuraho
801;1;Birla Mandir;8;Bhopal;Madhya Pradesh;Birla,Mandir,Bhopal,Madhya,Pradesh;State:Madhya Pradesh,Dist/Location:Bhopal
802;1;Parvati Temple;8;Khajuraho;Madhya Pradesh;Parvati,Temple,Khajuraho,Madhya,Pradesh;State:Madhya Pradesh,Dist/Location:Khajuraho
803;1;Maharaj Bada;8;Gwalior;Madhya Pradesh;Maharaj,Bada,Gwalior,Madhya,Pradesh;State:Madhya Pradesh,Dist/Location:Gwalior
804;1;Pench National Park;8;Seoni;Madhya Pradesh;Pench,National,Park,Seoni,Madhya,Pradesh;State:Madhya Pradesh,Dist/Location:Seoni
805;1;Holkar Stadium;8;Indore;Madhya Pradesh;Holkar,Stadium,Indore,Madhya,Pradesh;State:Madhya Pradesh,Dist/Location:Indore
806;1;Gir Forest National Park;8;Veraval;Gujurat;Gir,Forest,National,Park,Veraval,Gujurat;State:Gujurat,Dist/Location:Veraval
807;1;Somnath;8;Veraval ;Gujurat;Somnath,Veraval,Gujurat;State:Gujurat,Dist/Location:Veraval 
808;1;Sabarmati Ashram;8;Ahmedabad;Gujurat;Sabarmati,Ashram,Ahmedabad,Gujurat;State:Gujurat,Dist/Location:Ahmedabad
809;1;Dwarkadhish Temple ;8;Dwarka;Gujurat;Dwarkadhish,Temple,Dwarka,Gujurat;State:Gujurat,Dist/Location:Dwarka
810;1;Akshardham ;8;Gandhinagar;Gujurat;Akshardham,Gandhinagar,Gujurat;State:Gujurat,Dist/Location:Gandhinagar
811;1;Rani ki vav ;8;Patan;Gujurat;Rani,ki,vav,Patan,Gujurat;State:Gujurat,Dist/Location:Patan
812;1;Sayaji Baug;8;Vadodara;Gujurat;Sayaji,Baug,Vadodara,Gujurat;State:Gujurat,Dist/Location:Vadodara
813;1;Sidi Saiyyed Mosque;8;Ahmedabad;Gujurat;Sidi,Saiyyed,Mosque,Ahmedabad,Gujurat;State:Gujurat,Dist/Location:Ahmedabad
814;1;Kankaria;8;Ahmedabad ;Gujurat;Kankaria,Ahmedabad,Gujurat;State:Gujurat,Dist/Location:Ahmedabad 
815;1;EME Temple;8;Vadodara;Gujurat;EME,Temple,Vadodara,Gujurat;State:Gujurat,Dist/Location:Vadodara
816;1;Girnar;8;Junagadh ;Gujurat;Girnar,Junagadh,Gujurat;State:Gujurat,Dist/Location:Junagadh 
817;1;Sidi Bashir Mosque;8;Ahmedabad;Gujurat;Sidi,Bashir,Mosque,Ahmedabad,Gujurat;State:Gujurat,Dist/Location:Ahmedabad
818;1;Teen Darwaza;8;Ahmedabad;Gujurat;Teen,Darwaza,Ahmedabad,Gujurat;State:Gujurat,Dist/Location:Ahmedabad
819;1;Jama Mosque;8;Ahmedabad;Gujurat;Jama,Mosque,Ahmedabad,Gujurat;State:Gujurat,Dist/Location:Ahmedabad
820;1;Calico Museum of Textiles;8;Ahmedabad;Gujurat;Calico,Museum,of,Textiles,Ahmedabad,Gujurat;State:Gujurat,Dist/Location:Ahmedabad
821;1;Pavagadh Hill;8;Panchmahal ;Gujurat;Pavagadh,Hill,Panchmahal,Gujurat;State:Gujurat,Dist/Location:Panchmahal 
822;1;Palitana temples;8;Bhavnagar ;Gujurat;Palitana,temples,Bhavnagar,Gujurat;State:Gujurat,Dist/Location:Bhavnagar 
823;1;Vastrapur Lake;8;Ahmedabad;Gujurat;Vastrapur,Lake,Ahmedabad,Gujurat;State:Gujurat,Dist/Location:Ahmedabad
824;1;Watson Museum;8;Rajkot;Gujurat;Watson,Museum,Rajkot,Gujurat;State:Gujurat,Dist/Location:Rajkot
825;1;Nagina Wadi;8;Ahmedabad;Gujurat;Nagina,Wadi,Ahmedabad,Gujurat;State:Gujurat,Dist/Location:Ahmedabad
826;1;Baroda Museum & Picture Gallery;8;Vadodara;Gujurat;Baroda,Museum,&,Picture,Gallery,Vadodara,Gujurat;State:Gujurat,Dist/Location:Vadodara
827;1;Sardar Vallabhbhai Patel National Memorial;8;Ahmedabad;Gujurat;Sardar,Vallabhbhai,Patel,National,Memorial,Ahmedabad,Gujurat;State:Gujurat,Dist/Location:Ahmedabad
828;1;Shri Swaminarayan Mandir;8;Bhuj;Gujurat;Shri,Swaminarayan,Mandir,Bhuj,Gujurat;State:Gujurat,Dist/Location:Bhuj
829;1;Prag Mahal;8;Bhuj;Gujurat;Prag,Mahal,Bhuj,Gujurat;State:Gujurat,Dist/Location:Bhuj
830;1;Dumas Beach;8;Surat;Gujurat;Dumas,Beach,Surat,Gujurat;State:Gujurat,Dist/Location:Surat
831;1;Sakkarbaug Zoological Garden;8;Junagadh;Gujurat;Sakkarbaug,Zoological,Garden,Junagadh,Gujurat;State:Gujurat,Dist/Location:Junagadh
832;1;Aravalli Range;8;;Gujurat;Aravalli,Range,Gujurat;State:Gujurat,Dist/Location:
833;1;Lalbhai Dalpatbhai Museum;8;Ahmedabad;Gujurat;Lalbhai,Dalpatbhai,Museum,Ahmedabad,Gujurat;State:Gujurat,Dist/Location:Ahmedabad
834;1;Rani no Hajiro;8;Ahmedabad;Gujurat;Rani,no,Hajiro,Ahmedabad,Gujurat;State:Gujurat,Dist/Location:Ahmedabad
835;1;Hanuman temple;8; Salangpur;Gujurat;Hanuman,temple,Salangpur,Gujurat;State:Gujurat,Dist/Location: Salangpur
836;1;Sarkhej;8;Ahmedabad;Gujurat;Sarkhej,Ahmedabad,Gujurat;State:Gujurat,Dist/Location:Ahmedabad
837;1;Jagdishchandra Bose Aquarium;8;Surat;Gujurat;Jagdishchandra,Bose,Aquarium,Surat,Gujurat;State:Gujurat,Dist/Location:Surat
838;1;Sanskar Kendra;8;Ahmedabad;Gujurat;Sanskar,Kendra,Ahmedabad,Gujurat;State:Gujurat,Dist/Location:Ahmedabad
839;1;Nehru Bridge;8;Ahmedabad;Gujurat;Nehru,Bridge,Ahmedabad,Gujurat;State:Gujurat,Dist/Location:Ahmedabad
840;1;Ukai Dam;8;Surat district and Tapi district;Gujurat;Ukai,Dam,Surat,district,and,Tapi,district,Gujurat;State:Gujurat,Dist/Location:Surat district and Tapi district
841;1;Ellis Bridge;8;Ahmedabad;Gujurat;Ellis,Bridge,Ahmedabad,Gujurat;State:Gujurat,Dist/Location:Ahmedabad
842;1;Science Centre;8;Surat;Gujurat;Science,Centre,Surat,Gujurat;State:Gujurat,Dist/Location:Surat
843;1;Indian Wild Ass Sanctuary;8;Dhrangadhra;Gujurat;Indian,Wild,Ass,Sanctuary,Dhrangadhra,Gujurat;State:Gujurat,Dist/Location:Dhrangadhra
844;1;Saurashtra Cricket Association Stadium;8;Rajkot;Gujurat;Saurashtra,Cricket,Association,Stadium,Rajkot,Gujurat;State:Gujurat,Dist/Location:Rajkot
845;1;Radhanagar Beach;8;Havelock Island;Andaman Island;Radhanagar,Beach,Havelock,Island,Andaman,Island;State:Andaman Island,Dist/Location:Havelock Island
846;1;Jolly Buoy Island ;8;Port Blair;Andaman Island;Jolly,Buoy,Island,Port,Blair,Andaman,Island;State:Andaman Island,Dist/Location:Port Blair
847;1;Cellular Jail;8;Port Blair;Andaman Island;Cellular,Jail,Port,Blair,Andaman,Island;State:Andaman Island,Dist/Location:Port Blair
848;1;Ross Island;8;Port Blair;Andaman Island;Ross,Island,Port,Blair,Andaman,Island;State:Andaman Island,Dist/Location:Port Blair
849;1;Neil Island;8;Port Blair;Andaman Island;Neil,Island,Port,Blair,Andaman,Island;State:Andaman Island,Dist/Location:Port Blair
850;1;Elephant Beach;8;Havelock Island;Andaman Island;Elephant,Beach,Havelock,Island,Andaman,Island;State:Andaman Island,Dist/Location:Havelock Island
851;1;Kaala Pathar Beach;8;Havelock Island;Andaman Island;Kaala,Pathar,Beach,Havelock,Island,Andaman,Island;State:Andaman Island,Dist/Location:Havelock Island
852;1;Makruzz;8;Port Blair;Andaman Island;Makruzz,Port,Blair,Andaman,Island;State:Andaman Island,Dist/Location:Port Blair
853;1;Chidiya Tapu;8;Port Blair;Andaman Island;Chidiya,Tapu,Port,Blair,Andaman,Island;State:Andaman Island,Dist/Location:Port Blair
854;1;North Bay Island Andaman;8;Port Blair;Andaman Island;North,Bay,Island,Andaman,Port,Blair,Andaman,Island;State:Andaman Island,Dist/Location:Port Blair
855;1;Samudrika Marine Museum;8;Port Blair;Andaman Island;Samudrika,Marine,Museum,Port,Blair,Andaman,Island;State:Andaman Island,Dist/Location:Port Blair
856;1;Wandoor Beach;8;Port Blair;Andaman Island;Wandoor,Beach,Port,Blair,Andaman,Island;State:Andaman Island,Dist/Location:Port Blair
857;1;Laxmanpur Beach;8;Port Blair;Andaman Island;Laxmanpur,Beach,Port,Blair,Andaman,Island;State:Andaman Island,Dist/Location:Port Blair
858;1;Corbyn's Cove;8;Port Blair;Andaman Island;Corbyn's,Cove,Port,Blair,Andaman,Island;State:Andaman Island,Dist/Location:Port Blair
859;1;Bharatpur Beach;8;Neil Island;Andaman Island;Bharatpur,Beach,Neil,Island,Andaman,Island;State:Andaman Island,Dist/Location:Neil Island
860;1;Anthropological Museum;8;Port Blair;Andaman Island;Anthropological,Museum,Port,Blair,Andaman,Island;State:Andaman Island,Dist/Location:Port Blair
861;1;Scuba & Snorkeling;8;Havelock Island;Andaman Island;Scuba,&,Snorkeling,Havelock,Island,Andaman,Island;State:Andaman Island,Dist/Location:Havelock Island
862;1;Chatham Saw Mill ;8;Port Blair;Andaman Island;Chatham,Saw,Mill,Port,Blair,Andaman,Island;State:Andaman Island,Dist/Location:Port Blair
863;1;Limestone Caves;8;Baratang Island;Andaman Island;Limestone,Caves,Baratang,Island,Andaman,Island;State:Andaman Island,Dist/Location:Baratang Island
864;1;Howrah Bridge;8;Neil Island;Andaman Island;Howrah,Bridge,Neil,Island,Andaman,Island;State:Andaman Island,Dist/Location:Neil Island
865;1;Sitapur Beach;8;Neil Island;Andaman Island;Sitapur,Beach,Neil,Island,Andaman,Island;State:Andaman Island,Dist/Location:Neil Island
866;1;Marina Park and Aquarium;8;Port Blair;Andaman Island;Marina,Park,and,Aquarium,Port,Blair,Andaman,Island;State:Andaman Island,Dist/Location:Port Blair
867;1;Jogger's Park;8;Port Blair;Andaman Island;Jogger's,Park,Port,Blair,Andaman,Island;State:Andaman Island,Dist/Location:Port Blair
868;1;Red Skin Island;8;Port Blair;Andaman Island;Red,Skin,Island,Port,Blair,Andaman,Island;State:Andaman Island,Dist/Location:Port Blair
869;1;Neil Island Jetty;8;Port Blair;Andaman Island;Neil,Island,Jetty,Port,Blair,Andaman,Island;State:Andaman Island,Dist/Location:Port Blair
870;1;Phoenix Bay Jetty;8;Port Blair;Andaman Island;Phoenix,Bay,Jetty,Port,Blair,Andaman,Island;State:Andaman Island,Dist/Location:Port Blair
871;1;Waterskiing & Jetskiing;8;Port Blair;Andaman Island;Waterskiing,&,Jetskiing,Port,Blair,Andaman,Island;State:Andaman Island,Dist/Location:Port Blair
872;1;Parasailing & Paragliding;8;Port Blair;Andaman Island;Parasailing,&,Paragliding,Port,Blair,Andaman,Island;State:Andaman Island,Dist/Location:Port Blair
873;1;Gandhi Park;8;Port Blair;Andaman Island;Gandhi,Park,Port,Blair,Andaman,Island;State:Andaman Island,Dist/Location:Port Blair
874;1;Inglis Island ;8;Havelock Island;Andaman Island;Inglis,Island,Havelock,Island,Andaman,Island;State:Andaman Island,Dist/Location:Havelock Island
875;1;Ferar Beach;8;Port Blair;Andaman Island;Ferar,Beach,Port,Blair,Andaman,Island;State:Andaman Island,Dist/Location:Port Blair
876;1;Murugan Temple;8;Port Blair;Andaman Island;Murugan,Temple,Port,Blair,Andaman,Island;State:Andaman Island,Dist/Location:Port Blair
877;1;Fishery Museum;8;Port Blair;Andaman Island;Fishery,Museum,Port,Blair,Andaman,Island;State:Andaman Island,Dist/Location:Port Blair
878;1;Viper Island;8;Port Blair;Andaman Island;Viper,Island,Port,Blair,Andaman,Island;State:Andaman Island,Dist/Location:Port Blair
879;1;Mount Harriet National Park;8;Port Blair;Andaman Island;Mount,Harriet,National,Park,Port,Blair,Andaman,Island;State:Andaman Island,Dist/Location:Port Blair
880;1;Science Centre;8;Port Blair;Andaman Island;Science,Centre,Port,Blair,Andaman,Island;State:Andaman Island,Dist/Location:Port Blair
881;1;Kayaking & Canoeing;8;;Andaman Island;Kayaking,&,Canoeing,Andaman,Island;State:Andaman Island,Dist/Location:
882;1;Little Andaman Island;8;North Andaman Island;Andaman Island;Little,Andaman,Island,North,Andaman,Island,Andaman,Island;State:Andaman Island,Dist/Location:North Andaman Island
883;1;Zsi Museum ;8;Port Blair;Andaman Island;Zsi,Museum,Port,Blair,Andaman,Island;State:Andaman Island,Dist/Location:Port Blair
884;1;Diglipur Beach;8;Diglipur;Andaman Island;Diglipur,Beach,Diglipur,Andaman,Island;State:Andaman Island,Dist/Location:Diglipur
885;1;Sippighat Farm;8;Port Blair;Andaman Island;Sippighat,Farm,Port,Blair,Andaman,Island;State:Andaman Island,Dist/Location:Port Blair
886;1;Mud Volcano;8;Baratang Island;Andaman Island;Mud,Volcano,Baratang,Island,Andaman,Island;State:Andaman Island,Dist/Location:Baratang Island
887;1;Cinque Island;8;North Andaman Island;Andaman Island;Cinque,Island,North,Andaman,Island,Andaman,Island;State:Andaman Island,Dist/Location:North Andaman Island
888;1;Barren Island Volcano;8;;Andaman Island;Barren,Island,Volcano,Andaman,Island;State:Andaman Island,Dist/Location:
889;1;Forest Museum;8;;Andaman Island;Forest,Museum,Andaman,Island;State:Andaman Island,Dist/Location:
890;1;Dhani Nala Beach ;8;Rangat;Andaman Island;Dhani,Nala,Beach,Rangat,Andaman,Island;State:Andaman Island,Dist/Location:Rangat
891;1;Mini-Zoo ;8;Port Blair;Andaman Island;Mini-Zoo,Port,Blair,Andaman,Island;State:Andaman Island,Dist/Location:Port Blair
892;1;Amkunj Beach;8;North Andaman Island;Andaman Island;Amkunj,Beach,North,Andaman,Island,Andaman,Island;State:Andaman Island,Dist/Location:North Andaman Island
893;1;Parrot Island;8;;Andaman Island;Parrot,Island,Andaman,Island;State:Andaman Island,Dist/Location:
894;1;Mahatma Gandhi Marine National Park;8;;Andaman Island;Mahatma,Gandhi,Marine,National,Park,Andaman,Island;State:Andaman Island,Dist/Location:
895;1;Cyber Hub;8;Gurgaon;Haryana;Cyber,Hub,Gurgaon,Haryana;State:Haryana,Dist/Location:Gurgaon
896;1;Kingdom of Dreams;8;Gurgaon;Haryana;Kingdom,of,Dreams,Gurgaon,Haryana;State:Haryana,Dist/Location:Gurgaon
897;1;Ambience Mall;8;Gurgaon;Haryana;Ambience,Mall,Gurgaon,Haryana;State:Haryana,Dist/Location:Gurgaon
898;1;Sai Ka Angan Temple;8;Gurgaon;Haryana;Sai,Ka,Angan,Temple,Gurgaon,Haryana;State:Haryana,Dist/Location:Gurgaon
899;1;Sheetla Mata Mandir;8;Gurgaon;Haryana;Sheetla,Mata,Mandir,Gurgaon,Haryana;State:Haryana,Dist/Location:Gurgaon
900;1;Leisure Valley Park;8;Gurgaon;Haryana;Leisure,Valley,Park,Gurgaon,Haryana;State:Haryana,Dist/Location:Gurgaon
901;1;Sultanpur National Park Bird Sanctuary;8;Gurgaon;Haryana;Sultanpur,National,Park,Bird,Sanctuary,Gurgaon,Haryana;State:Haryana,Dist/Location:Gurgaon
902;1;Tau Devi Lal Bio Diversity Park;8;Gurgaon;Haryana;Tau,Devi,Lal,Bio,Diversity,Park,Gurgaon,Haryana;State:Haryana,Dist/Location:Gurgaon
903;1;NeverEnuf Garden Railway;8;Gurgaon;Haryana;NeverEnuf,Garden,Railway,Gurgaon,Haryana;State:Haryana,Dist/Location:Gurgaon
904;1;Oysters Beach Water Park;8;Gurgaon;Haryana;Oysters,Beach,Water,Park,Gurgaon,Haryana;State:Haryana,Dist/Location:Gurgaon
905;1;Aravalli Biodiversity Park;8;Gurgaon;Haryana;Aravalli,Biodiversity,Park,Gurgaon,Haryana;State:Haryana,Dist/Location:Gurgaon
906;1;Stellar Children's Museum;8;Gurgaon;Haryana;Stellar,Children's,Museum,Gurgaon,Haryana;State:Haryana,Dist/Location:Gurgaon
907;1;Tikli Bottom;8;Gurgaon;Haryana;Tikli,Bottom,Gurgaon,Haryana;State:Haryana,Dist/Location:Gurgaon
908;1;MGF Metropolitan Mall;8;Gurgaon;Haryana;MGF,Metropolitan,Mall,Gurgaon,Haryana;State:Haryana,Dist/Location:Gurgaon
909;1;Qutub Khan's Tomb;8;Gurgaon;Haryana;Qutub,Khan's,Tomb,Gurgaon,Haryana;State:Haryana,Dist/Location:Gurgaon
910;1;Gurgaon Central Mall;8;Gurgaon;Haryana;Gurgaon,Central,Mall,Gurgaon,Haryana;State:Haryana,Dist/Location:Gurgaon
911;1;Vintage Camera Museum;8;Gurgaon;Haryana;Vintage,Camera,Museum,Gurgaon,Haryana;State:Haryana,Dist/Location:Gurgaon
912;1;Urusvati Museum of Folklore;8;Gurgaon;Haryana;Urusvati,Museum,of,Folklore,Gurgaon,Haryana;State:Haryana,Dist/Location:Gurgaon
913;1;Devi Art Foundation;8;Gurgaon;Haryana;Devi,Art,Foundation,Gurgaon,Haryana;State:Haryana,Dist/Location:Gurgaon
914;1;Damdama Lake;8;Gurgaon;Haryana;Damdama,Lake,Gurgaon,Haryana;State:Haryana,Dist/Location:Gurgaon
915;1;The Lost Lake;8;Gurgaon;Haryana;The,Lost,Lake,Gurgaon,Haryana;State:Haryana,Dist/Location:Gurgaon
916;1;Basai Wetlands;8;Gurgaon;Haryana;Basai,Wetlands,Gurgaon,Haryana;State:Haryana,Dist/Location:Gurgaon
917;1;Brahma Sarovar;8;Kurukshetra;Haryana;Brahma,Sarovar,Kurukshetra,Haryana;State:Haryana,Dist/Location:Kurukshetra
918;1;Sri Krishna Museum;8;Kurukshetra;Haryana;Sri,Krishna,Museum,Kurukshetra,Haryana;State:Haryana,Dist/Location:Kurukshetra
919;1;Jyotisar Birthplace of Bhagavad Gita;8;Kurukshetra;Haryana;Jyotisar,Birthplace,of,Bhagavad,Gita,Kurukshetra,Haryana;State:Haryana,Dist/Location:Kurukshetra
920;1;Kurukshetra Panorama & Science Centre;8;Kurukshetra;Haryana;Kurukshetra,Panorama,&,Science,Centre,Kurukshetra,Haryana;State:Haryana,Dist/Location:Kurukshetra
921;1;Bhadrakali Temple;8;Kurukshetra;Haryana;Bhadrakali,Temple,Kurukshetra,Haryana;State:Haryana,Dist/Location:Kurukshetra
922;1;Sthaneshwar Mahadev Temple;8;Kurukshetra;Haryana;Sthaneshwar,Mahadev,Temple,Kurukshetra,Haryana;State:Haryana,Dist/Location:Kurukshetra
923;1;Sannihit Sarovar;8;Kurukshetra;Haryana;Sannihit,Sarovar,Kurukshetra,Haryana;State:Haryana,Dist/Location:Kurukshetra
924;1;Sheikh Chehli ka Makbara;8;Kurukshetra;Haryana;Sheikh,Chehli,ka,Makbara,Kurukshetra,Haryana;State:Haryana,Dist/Location:Kurukshetra
925;1;Bhishma Kund;8;Kurukshetra;Haryana;Bhishma,Kund,Kurukshetra,Haryana;State:Haryana,Dist/Location:Kurukshetra
926;1;Sheikh Chehli Mausoleum;8;Kurukshetra;Haryana;Sheikh,Chehli,Mausoleum,Kurukshetra,Haryana;State:Haryana,Dist/Location:Kurukshetra
927;1;Lakshmi Narayan Temple;8;Kurukshetra;Haryana;Lakshmi,Narayan,Temple,Kurukshetra,Haryana;State:Haryana,Dist/Location:Kurukshetra
928;1;Shirdi Sai Baba Temple;8;Faridabad;Haryana;Shirdi,Sai,Baba,Temple,Faridabad,Haryana;State:Haryana,Dist/Location:Faridabad
929;1;Surajkund Lake;8;Faridabad;Haryana;Surajkund,Lake,Faridabad,Haryana;State:Haryana,Dist/Location:Faridabad
930;1;ISKCON Temple;8;Faridabad;Haryana;ISKCON,Temple,Faridabad,Haryana;State:Haryana,Dist/Location:Faridabad
931;1;Nahar Singh Cricket Stadium;8;Faridabad;Haryana;Nahar,Singh,Cricket,Stadium,Faridabad,Haryana;State:Haryana,Dist/Location:Faridabad
932;1;Raja Nahar Singh Palace;8;Faridabad;Haryana;Raja,Nahar,Singh,Palace,Faridabad,Haryana;State:Haryana,Dist/Location:Faridabad
933;1;CITM Lake;8;Faridabad;Haryana;CITM,Lake,Faridabad,Haryana;State:Haryana,Dist/Location:Faridabad
934;1;Badkhal Lake;8;Faridabad;Haryana;Badkhal,Lake,Faridabad,Haryana;State:Haryana,Dist/Location:Faridabad
935;1;Badshahi Bag Gurudwara;8;Ambala;Haryana;Badshahi,Bag,Gurudwara,Ambala,Haryana;State:Haryana,Dist/Location:Ambala
936;1;Sis Ganj Gurudwara;8;Ambala;Haryana;Sis,Ganj,Gurudwara,Ambala,Haryana;State:Haryana,Dist/Location:Ambala
937;1;Jain Mandir;8;Ambala;Haryana;Jain,Mandir,Ambala,Haryana;State:Haryana,Dist/Location:Ambala
938;1;Holy Redeemer Church;8;Ambala;Haryana;Holy,Redeemer,Church,Ambala,Haryana;State:Haryana,Dist/Location:Ambala
939;1;Lat Ki Masjid;8;Hisar;Haryana;Lat,Ki,Masjid,Hisar,Haryana;State:Haryana,Dist/Location:Hisar
940;1;Karnal Lake;8;Karnal;Haryana;Karnal,Lake,Karnal,Haryana;State:Haryana,Dist/Location:Karnal
941;1;Kalander Shah's Tomb;8;Karnal;Haryana;Kalander,Shah's,Tomb,Karnal,Haryana;State:Haryana,Dist/Location:Karnal
942;1;Cantonment Church Tower;8;Karnal;Haryana;Cantonment,Church,Tower,Karnal,Haryana;State:Haryana,Dist/Location:Karnal
943;1;Pukka Pul;8;Karnal;Haryana;Pukka,Pul,Karnal,Haryana;State:Haryana,Dist/Location:Karnal
944;1;Tomb of Bu-Ali Shah Kalandar;8;Panipat;Haryana;Tomb,of,Bu-Ali,Shah,Kalandar,Panipat,Haryana;State:Haryana,Dist/Location:Panipat
945;1;Kala Amb Tree Site;8;Panipat;Haryana;Kala,Amb,Tree,Site,Panipat,Haryana;State:Haryana,Dist/Location:Panipat
946;1;Salar Gunj Gate;8;Panipat;Haryana;Salar,Gunj,Gate,Panipat,Haryana;State:Haryana,Dist/Location:Panipat
947;1;Panipat Museum;8;Panipat;Haryana;Panipat,Museum,Panipat,Haryana;State:Haryana,Dist/Location:Panipat
948;1;Kabuli Bagh Mosque;8;Panipat;Haryana;Kabuli,Bagh,Mosque,Panipat,Haryana;State:Haryana,Dist/Location:Panipat
949;1;Devi Temple;8;Panipat;Haryana;Devi,Temple,Panipat,Haryana;State:Haryana,Dist/Location:Panipat
950;1;Grave Of Ibrahim Lodhi;8;Panipat;Haryana;Grave,Of,Ibrahim,Lodhi,Panipat,Haryana;State:Haryana,Dist/Location:Panipat
951;1;Kali Mata Temple;8;Kalka;Haryana;Kali,Mata,Temple,Kalka,Haryana;State:Haryana,Dist/Location:Kalka
952;1;Karma Lakelands Golf Club;8;Manesar;Haryana;Karma,Lakelands,Golf,Club,Manesar,Haryana;State:Haryana,Dist/Location:Manesar
953;1;Banni Khera Farm;8;Rohtak;Haryana;Banni,Khera,Farm,Rohtak,Haryana;State:Haryana,Dist/Location:Rohtak
954;1;Jurasik Park Inn;8;Sonipat;Haryana;Jurasik,Park,Inn,Sonipat,Haryana;State:Haryana,Dist/Location:Sonipat
955;1;Tomb of Khwaza Khizr;8;Sonipat;Haryana;Tomb,of,Khwaza,Khizr,Sonipat,Haryana;State:Haryana,Dist/Location:Sonipat
956;1;Sohna Sulphur Spring;8;Sohna;Haryana;Sohna,Sulphur,Spring,Sohna,Haryana;State:Haryana,Dist/Location:Sohna
957;1;Morni Hills;8;Morni;Haryana;Morni,Hills,Morni,Haryana;State:Haryana,Dist/Location:Morni
958;1;Rewari Steam Locomotive Shed & Rail Museum;8;Rewari;Haryana;Rewari,Steam,Locomotive,Shed,&,Rail,Museum,Rewari,Haryana;State:Haryana,Dist/Location:Rewari
959;1;Ohm Cine Garden;8;Sirsa;Haryana;Ohm,Cine,Garden,Sirsa,Haryana;State:Haryana,Dist/Location:Sirsa
960;1;Tara Baba Kutiya;8;Sirsa;Haryana;Tara,Baba,Kutiya,Sirsa,Haryana;State:Haryana,Dist/Location:Sirsa
961;1;Kalesar National Park;8;Yamunanagar;Haryana;Kalesar,National,Park,Yamunanagar,Haryana;State:Haryana,Dist/Location:Yamunanagar
962;1;Pinjore (Yadavindra) Gardens;8;Pinjore;Haryana;Pinjore,(Yadavindra),Gardens,Pinjore,Haryana;State:Haryana,Dist/Location:Pinjore
963;1;Bhima Devi Temple;8;Pinjore;Haryana;Bhima,Devi,Temple,Pinjore,Haryana;State:Haryana,Dist/Location:Pinjore
964;1;Star Monument;8;Bhiwani;Haryana;Star,Monument,Bhiwani,Haryana;State:Haryana,Dist/Location:Bhiwani
965;1;Jogi Wala Mandir;8;Bhiwani;Haryana;Jogi,Wala,Mandir,Bhiwani,Haryana;State:Haryana,Dist/Location:Bhiwani
966;1;Loharu Fort;8;Bhiwani;Haryana;Loharu,Fort,Bhiwani,Haryana;State:Haryana,Dist/Location:Bhiwani
967;1;ISKCON Temple;8;Bahadurgarh;Haryana;ISKCON,Temple,Bahadurgarh,Haryana;State:Haryana,Dist/Location:Bahadurgarh
968;1;Bhindawas Wildlife Sanctuary;8;Jhajjar;Haryana;Bhindawas,Wildlife,Sanctuary,Jhajjar,Haryana;State:Haryana,Dist/Location:Jhajjar
969;1;Pratapgarh Farms;8;Jhajjar;Haryana;Pratapgarh,Farms,Jhajjar,Haryana;State:Haryana,Dist/Location:Jhajjar
970;1;Chamunda Devi Mandir Temple;8;Narnaul;Haryana;Chamunda,Devi,Mandir,Temple,Narnaul,Haryana;State:Haryana,Dist/Location:Narnaul
971;1;Chatta Rai Bal Mukund Das;8;Narnaul;Haryana;Chatta,Rai,Bal,Mukund,Das,Narnaul,Haryana;State:Haryana,Dist/Location:Narnaul
972;1;Khalda Wale Hanumanji;8;Narnaul;Haryana;Khalda,Wale,Hanumanji,Narnaul,Haryana;State:Haryana,Dist/Location:Narnaul
973;1;Chor Gumbad;8;Narnaul;Haryana;Chor,Gumbad,Narnaul,Haryana;State:Haryana,Dist/Location:Narnaul
974;1;Chor Gumbad;8;Narnaul;Haryana;Chor,Gumbad,Narnaul,Haryana;State:Haryana,Dist/Location:Narnaul
975;1;Shah Ibrahim Tomb;8;Narnaul;Haryana;Shah,Ibrahim,Tomb,Narnaul,Haryana;State:Haryana,Dist/Location:Narnaul
976;1;Village Culture Safari at Narnaul;8;Narnaul;Haryana;Village,Culture,Safari,at,Narnaul,Narnaul,Haryana;State:Haryana,Dist/Location:Narnaul
977;1;Shah Quli Khan Tomb;8;Narnaul;Haryana;Shah,Quli,Khan,Tomb,Narnaul,Haryana;State:Haryana,Dist/Location:Narnaul
978;1;Asigarh Fort;8;Hansi;Haryana;Asigarh,Fort,Hansi,Haryana;State:Haryana,Dist/Location:Hansi
979;1;Gujari Mahal;8;Hansi;Haryana;Gujari,Mahal,Hansi,Haryana;State:Haryana,Dist/Location:Hansi
980;1;Barsi Gate;8;Hansi;Haryana;Barsi,Gate,Hansi,Haryana;State:Haryana,Dist/Location:Hansi
981;1;Badshahi Bag Gurudwara;8;Ambala Cantonment;Haryana;Badshahi,Bag,Gurudwara,Ambala,Cantonment,Haryana;State:Haryana,Dist/Location:Ambala Cantonment
982;1;Gurudwara Manji Sahib;8;Ambala Cantonment;Haryana;Gurudwara,Manji,Sahib,Ambala,Cantonment,Haryana;State:Haryana,Dist/Location:Ambala Cantonment
983;1;Sis Ganj Gurudwara;8;Ambala Cantonment;Haryana;Sis,Ganj,Gurudwara,Ambala,Cantonment,Haryana;State:Haryana,Dist/Location:Ambala Cantonment
984;1;Holy Redeemer Church;8;Ambala Cantonment;Haryana;Holy,Redeemer,Church,Ambala,Cantonment,Haryana;State:Haryana,Dist/Location:Ambala Cantonment
985;1;Kalesar National Park;8;Yamunanagar ;Haryana;Kalesar,National,Park,Yamunanagar,Haryana;State:Haryana,Dist/Location:Yamunanagar 
986;1;Jubilee Park;8;Jamshedpur;Jharkhand;Jubilee,Park,Jamshedpur,Jharkhand;State:Jharkhand,Dist/Location:Jamshedpur
987;1;Dimna Lake;8;Jamshedpur;Jharkhand;Dimna,Lake,Jamshedpur,Jharkhand;State:Jharkhand,Dist/Location:Jamshedpur
988;1;Tata Steel Zoological Park;8;Jamshedpur;Jharkhand;Tata,Steel,Zoological,Park,Jamshedpur,Jharkhand;State:Jharkhand,Dist/Location:Jamshedpur
989;1;Bhuvaneshwari Temple;8;Jamshedpur;Jharkhand;Bhuvaneshwari,Temple,Jamshedpur,Jharkhand;State:Jharkhand,Dist/Location:Jamshedpur
990;1;JRD TATA Sports Complex;8;Jamshedpur;Jharkhand;JRD,TATA,Sports,Complex,Jamshedpur,Jharkhand;State:Jharkhand,Dist/Location:Jamshedpur
991;1;Jubilee Lake;8;Jamshedpur;Jharkhand;Jubilee,Lake,Jamshedpur,Jharkhand;State:Jharkhand,Dist/Location:Jamshedpur
992;1;Dalma Wildlife Sanctuary;8;Jamshedpur;Jharkhand;Dalma,Wildlife,Sanctuary,Jamshedpur,Jharkhand;State:Jharkhand,Dist/Location:Jamshedpur
993;1;Jayanti Sarovar;8;Jamshedpur;Jharkhand;Jayanti,Sarovar,Jamshedpur,Jharkhand;State:Jharkhand,Dist/Location:Jamshedpur
994;1;Hudco Lake;8;Jamshedpur;Jharkhand;Hudco,Lake,Jamshedpur,Jharkhand;State:Jharkhand,Dist/Location:Jamshedpur
995;1;Amadubi Rural Tourism Centre;8;Jamshedpur;Jharkhand;Amadubi,Rural,Tourism,Centre,Jamshedpur,Jharkhand;State:Jharkhand,Dist/Location:Jamshedpur
996;1;Sir Dorabji Tata Park;8;Jamshedpur;Jharkhand;Sir,Dorabji,Tata,Park,Jamshedpur,Jharkhand;State:Jharkhand,Dist/Location:Jamshedpur
997;1;Magnolia Sunset Point;8;Netarhat;Jharkhand;Magnolia,Sunset,Point,Netarhat,Jharkhand;State:Jharkhand,Dist/Location:Netarhat
998;1;Sadni Falls;8;Netarhat;Jharkhand;Sadni,Falls,Netarhat,Jharkhand;State:Jharkhand,Dist/Location:Netarhat
999;1;Upper Ghaghri Falls;8;Netarhat;Jharkhand;Upper,Ghaghri,Falls,Netarhat,Jharkhand;State:Jharkhand,Dist/Location:Netarhat
1000;1;Koel View Point;8;Netarhat;Jharkhand;Koel,View,Point,Netarhat,Jharkhand;State:Jharkhand,Dist/Location:Netarhat
1001;1;Baba Baidyanath Dham;8;Deoghar;Jharkhand;Baba,Baidyanath,Dham,Deoghar,Jharkhand;State:Jharkhand,Dist/Location:Deoghar
1002;1;Naulakha Mandir;8;Deoghar;Jharkhand;Naulakha,Mandir,Deoghar,Jharkhand;State:Jharkhand,Dist/Location:Deoghar
1003;1;Trikuta Parvata;8;Deoghar;Jharkhand;Trikuta,Parvata,Deoghar,Jharkhand;State:Jharkhand,Dist/Location:Deoghar
1004;1;Basukinath Temple;8;Deoghar;Jharkhand;Basukinath,Temple,Deoghar,Jharkhand;State:Jharkhand,Dist/Location:Deoghar
1005;1;Nandan Pahar;8;Deoghar;Jharkhand;Nandan,Pahar,Deoghar,Jharkhand;State:Jharkhand,Dist/Location:Deoghar
1006;1;Ramakrishna Mission Vidyapith;8;Deoghar;Jharkhand;Ramakrishna,Mission,Vidyapith,Deoghar,Jharkhand;State:Jharkhand,Dist/Location:Deoghar
1007;1;Baiju Temple;8;Deoghar;Jharkhand;Baiju,Temple,Deoghar,Jharkhand;State:Jharkhand,Dist/Location:Deoghar
1008;1;Rikhia Yogashram;8;Deoghar;Jharkhand;Rikhia,Yogashram,Deoghar,Jharkhand;State:Jharkhand,Dist/Location:Deoghar
1009;1;Mayurakshi River;8;Deoghar;Jharkhand;Mayurakshi,River,Deoghar,Jharkhand;State:Jharkhand,Dist/Location:Deoghar
1010;1;Maa Shitala Temple;8;Deoghar;Jharkhand;Maa,Shitala,Temple,Deoghar,Jharkhand;State:Jharkhand,Dist/Location:Deoghar
1011;1;Dharagiri Falls;8;Ghatshila;Jharkhand;Dharagiri,Falls,Ghatshila,Jharkhand;State:Jharkhand,Dist/Location:Ghatshila
1012;1;Rajrappa;8;Ramgarh ;Jharkhand;Rajrappa,Ramgarh,Jharkhand;State:Jharkhand,Dist/Location:Ramgarh 
1013;1;Pangong Tso;8;Leh;Jammu and Kashmir;Pangong,Tso,Leh,Jammu,and,Kashmir;State:Jammu and Kashmir,Dist/Location:Leh
1014;1;Hall of Fame;8;Leh;Jammu and Kashmir;Hall,of,Fame,Leh,Jammu,and,Kashmir;State:Jammu and Kashmir,Dist/Location:Leh
1015;1;Thiksey Monastery;8;Leh;Jammu and Kashmir;Thiksey,Monastery,Leh,Jammu,and,Kashmir;State:Jammu and Kashmir,Dist/Location:Leh
1016;1;Gurdwara Pathar Sahib;8;Leh;Jammu and Kashmir;Gurdwara,Pathar,Sahib,Leh,Jammu,and,Kashmir;State:Jammu and Kashmir,Dist/Location:Leh
1017;1;Confluence of the Indus and Zanskar Rivers;8;Leh;Jammu and Kashmir;Confluence,of,the,Indus,and,Zanskar,Rivers,Leh,Jammu,and,Kashmir;State:Jammu and Kashmir,Dist/Location:Leh
1018;1;Alchi Choskor Monastery;8;Leh;Jammu and Kashmir;Alchi,Choskor,Monastery,Leh,Jammu,and,Kashmir;State:Jammu and Kashmir,Dist/Location:Leh
1019;1;Likir Monastery;8;Leh;Jammu and Kashmir;Likir,Monastery,Leh,Jammu,and,Kashmir;State:Jammu and Kashmir,Dist/Location:Leh
1020;1;Magnetic Hill;8;Leh;Jammu and Kashmir;Magnetic,Hill,Leh,Jammu,and,Kashmir;State:Jammu and Kashmir,Dist/Location:Leh
1021;1;Spituk Monastery;8;Leh;Jammu and Kashmir;Spituk,Monastery,Leh,Jammu,and,Kashmir;State:Jammu and Kashmir,Dist/Location:Leh
1022;1;Zanskar the Virgin Valley;8;Leh;Jammu and Kashmir;Zanskar,the,Virgin,Valley,Leh,Jammu,and,Kashmir;State:Jammu and Kashmir,Dist/Location:Leh
1023;1;Deskit Monastery;8;Leh;Jammu and Kashmir;Deskit,Monastery,Leh,Jammu,and,Kashmir;State:Jammu and Kashmir,Dist/Location:Leh
1024;1;Stakna Monastery;8;Leh;Jammu and Kashmir;Stakna,Monastery,Leh,Jammu,and,Kashmir;State:Jammu and Kashmir,Dist/Location:Leh
1025;1;Leh Royal Palace;8;Leh;Jammu and Kashmir;Leh,Royal,Palace,Leh,Jammu,and,Kashmir;State:Jammu and Kashmir,Dist/Location:Leh
1026;1;Stok Palace Museum;8;Leh;Jammu and Kashmir;Stok,Palace,Museum,Leh,Jammu,and,Kashmir;State:Jammu and Kashmir,Dist/Location:Leh
1027;1;Tanglang La;8;Leh;Jammu and Kashmir;Tanglang,La,Leh,Jammu,and,Kashmir;State:Jammu and Kashmir,Dist/Location:Leh
1028;1;Basgo Monastery;8;Leh;Jammu and Kashmir;Basgo,Monastery,Leh,Jammu,and,Kashmir;State:Jammu and Kashmir,Dist/Location:Leh
1029;1;Namgyal Tsemo Gompa;8;Leh;Jammu and Kashmir;Namgyal,Tsemo,Gompa,Leh,Jammu,and,Kashmir;State:Jammu and Kashmir,Dist/Location:Leh
1030;1;Monastery Circuit;8;Leh;Jammu and Kashmir;Monastery,Circuit,Leh,Jammu,and,Kashmir;State:Jammu and Kashmir,Dist/Location:Leh
1031;1;Chemre Gompa Monastery;8;Leh;Jammu and Kashmir;Chemre,Gompa,Monastery,Leh,Jammu,and,Kashmir;State:Jammu and Kashmir,Dist/Location:Leh
1032;1;Namgyal Tsemo Monastery;8;Leh;Jammu and Kashmir;Namgyal,Tsemo,Monastery,Leh,Jammu,and,Kashmir;State:Jammu and Kashmir,Dist/Location:Leh
1033;1;Phyang Monastery;8;Leh;Jammu and Kashmir;Phyang,Monastery,Leh,Jammu,and,Kashmir;State:Jammu and Kashmir,Dist/Location:Leh
1034;1;Matho Monastery;8;Leh;Jammu and Kashmir;Matho,Monastery,Leh,Jammu,and,Kashmir;State:Jammu and Kashmir,Dist/Location:Leh
1035;1;Jama Masjid;8;Leh;Jammu and Kashmir;Jama,Masjid,Leh,Jammu,and,Kashmir;State:Jammu and Kashmir,Dist/Location:Leh
1036;1;Sindhu Ghat;8;Leh;Jammu and Kashmir;Sindhu,Ghat,Leh,Jammu,and,Kashmir;State:Jammu and Kashmir,Dist/Location:Leh
1037;1;The Ladakh Arts and Media Organisation;8;Leh;Jammu and Kashmir;The,Ladakh,Arts,and,Media,Organisation,Leh,Jammu,and,Kashmir;State:Jammu and Kashmir,Dist/Location:Leh
1038;1;Saspol Caves;8;Leh;Jammu and Kashmir;Saspol,Caves,Leh,Jammu,and,Kashmir;State:Jammu and Kashmir,Dist/Location:Leh
1039;1;Sankar Monastery;8;Leh;Jammu and Kashmir;Sankar,Monastery,Leh,Jammu,and,Kashmir;State:Jammu and Kashmir,Dist/Location:Leh
1040;1;Tibetan Market;8;Leh;Jammu and Kashmir;Tibetan,Market,Leh,Jammu,and,Kashmir;State:Jammu and Kashmir,Dist/Location:Leh
1041;1;Du-Khang;8;Leh;Jammu and Kashmir;Du-Khang,Leh,Jammu,and,Kashmir;State:Jammu and Kashmir,Dist/Location:Leh
1042;1;Temple at Sumda Chun;8;Leh;Jammu and Kashmir;Temple,at,Sumda,Chun,Leh,Jammu,and,Kashmir;State:Jammu and Kashmir,Dist/Location:Leh
1043;1;Samstanling Monastery;8;Leh;Jammu and Kashmir;Samstanling,Monastery,Leh,Jammu,and,Kashmir;State:Jammu and Kashmir,Dist/Location:Leh
1044;1;Panamic Hot Sulphur Springs;8;Leh;Jammu and Kashmir;Panamic,Hot,Sulphur,Springs,Leh,Jammu,and,Kashmir;State:Jammu and Kashmir,Dist/Location:Leh
1045;1;Riasi Fort;8;Leh;Jammu and Kashmir;Riasi,Fort,Leh,Jammu,and,Kashmir;State:Jammu and Kashmir,Dist/Location:Leh
1046;1;Manjushri Lha-Khang;8;Leh;Jammu and Kashmir;Manjushri,Lha-Khang,Leh,Jammu,and,Kashmir;State:Jammu and Kashmir,Dist/Location:Leh
1047;1;Chokhang Vihara Temple;8;Leh;Jammu and Kashmir;Chokhang,Vihara,Temple,Leh,Jammu,and,Kashmir;State:Jammu and Kashmir,Dist/Location:Leh
1048;1;Rangdum Gompa;8;Leh;Jammu and Kashmir;Rangdum,Gompa,Leh,Jammu,and,Kashmir;State:Jammu and Kashmir,Dist/Location:Leh
1049;1;Vajra Bhairav Shrine;8;Leh;Jammu and Kashmir;Vajra,Bhairav,Shrine,Leh,Jammu,and,Kashmir;State:Jammu and Kashmir,Dist/Location:Leh
1050;1;Karma Dupgyud Choeling Monastery;8;Leh;Jammu and Kashmir;Karma,Dupgyud,Choeling,Monastery,Leh,Jammu,and,Kashmir;State:Jammu and Kashmir,Dist/Location:Leh
1051;1;Shankaracharya Hill;8;Srinagar;Jammu and Kashmir;Shankaracharya,Hill,Srinagar,Jammu,and,Kashmir;State:Jammu and Kashmir,Dist/Location:Srinagar
1052;1;Dal Lake;8;Srinagar;Jammu and Kashmir;Dal,Lake,Srinagar,Jammu,and,Kashmir;State:Jammu and Kashmir,Dist/Location:Srinagar
1053;1;Indira Gandhi Tulip Garden;8;Srinagar;Jammu and Kashmir;Indira,Gandhi,Tulip,Garden,Srinagar,Jammu,and,Kashmir;State:Jammu and Kashmir,Dist/Location:Srinagar
1054;1;Nigeen Lake;8;Srinagar;Jammu and Kashmir;Nigeen,Lake,Srinagar,Jammu,and,Kashmir;State:Jammu and Kashmir,Dist/Location:Srinagar
1055;1;Betab Valley;8;Srinagar;Jammu and Kashmir;Betab,Valley,Srinagar,Jammu,and,Kashmir;State:Jammu and Kashmir,Dist/Location:Srinagar
1056;1;Nishat Garden;8;Srinagar;Jammu and Kashmir;Nishat,Garden,Srinagar,Jammu,and,Kashmir;State:Jammu and Kashmir,Dist/Location:Srinagar
1057;1;Mughal Gardens;8;Srinagar;Jammu and Kashmir;Mughal,Gardens,Srinagar,Jammu,and,Kashmir;State:Jammu and Kashmir,Dist/Location:Srinagar
1058;1;Pari Mahal;8;Srinagar;Jammu and Kashmir;Pari,Mahal,Srinagar,Jammu,and,Kashmir;State:Jammu and Kashmir,Dist/Location:Srinagar
1059;1;Shalimar Bagh;8;Srinagar;Jammu and Kashmir;Shalimar,Bagh,Srinagar,Jammu,and,Kashmir;State:Jammu and Kashmir,Dist/Location:Srinagar
1060;1;Hazratbal;8;Srinagar;Jammu and Kashmir;Hazratbal,Srinagar,Jammu,and,Kashmir;State:Jammu and Kashmir,Dist/Location:Srinagar
1061;1;Chashme Shahi Gardens;8;Srinagar;Jammu and Kashmir;Chashme,Shahi,Gardens,Srinagar,Jammu,and,Kashmir;State:Jammu and Kashmir,Dist/Location:Srinagar
1062;1;Jama Masjid Mosque;8;Srinagar;Jammu and Kashmir;Jama,Masjid,Mosque,Srinagar,Jammu,and,Kashmir;State:Jammu and Kashmir,Dist/Location:Srinagar
1063;1;Kheer Bhawani Temple;8;Srinagar;Jammu and Kashmir;Kheer,Bhawani,Temple,Srinagar,Jammu,and,Kashmir;State:Jammu and Kashmir,Dist/Location:Srinagar
1064;1;Yousmarg;8;Srinagar;Jammu and Kashmir;Yousmarg,Srinagar,Jammu,and,Kashmir;State:Jammu and Kashmir,Dist/Location:Srinagar
1065;1;Sinthan Top;8;Srinagar;Jammu and Kashmir;Sinthan,Top,Srinagar,Jammu,and,Kashmir;State:Jammu and Kashmir,Dist/Location:Srinagar
1066;1;Jawaharlal Nehru Memorial Botanical Gardens;8;Srinagar;Jammu and Kashmir;Jawaharlal,Nehru,Memorial,Botanical,Gardens,Srinagar,Jammu,and,Kashmir;State:Jammu and Kashmir,Dist/Location:Srinagar
1067;1;Badamwari Garden;8;Srinagar;Jammu and Kashmir;Badamwari,Garden,Srinagar,Jammu,and,Kashmir;State:Jammu and Kashmir,Dist/Location:Srinagar
1068;1;Shah-e-Hamdan;8;Srinagar;Jammu and Kashmir;Shah-e-Hamdan,Srinagar,Jammu,and,Kashmir;State:Jammu and Kashmir,Dist/Location:Srinagar
1069;1;Manasbal Lake;8;Srinagar;Jammu and Kashmir;Manasbal,Lake,Srinagar,Jammu,and,Kashmir;State:Jammu and Kashmir,Dist/Location:Srinagar
1070;1;Chatti Padshahi Gurudwara;8;Srinagar;Jammu and Kashmir;Chatti,Padshahi,Gurudwara,Srinagar,Jammu,and,Kashmir;State:Jammu and Kashmir,Dist/Location:Srinagar
1071;1;Nasim Bagh;8;Srinagar;Jammu and Kashmir;Nasim,Bagh,Srinagar,Jammu,and,Kashmir;State:Jammu and Kashmir,Dist/Location:Srinagar
1072;1;Pari Mahal,Quntilon;8;Srinagar;Jammu and Kashmir;Pari,Mahal,Quntilon,Srinagar,Jammu,and,Kashmir;State:Jammu and Kashmir,Dist/Location:Srinagar
1073;1;Dachigam Wildlife Sanctuary;8;Srinagar;Jammu and Kashmir;Dachigam,Wildlife,Sanctuary,Srinagar,Jammu,and,Kashmir;State:Jammu and Kashmir,Dist/Location:Srinagar
1074;1;Achabal Garden;8;Srinagar;Jammu and Kashmir;Achabal,Garden,Srinagar,Jammu,and,Kashmir;State:Jammu and Kashmir,Dist/Location:Srinagar
1075;1;Hari Parbat;8;Srinagar;Jammu and Kashmir;Hari,Parbat,Srinagar,Jammu,and,Kashmir;State:Jammu and Kashmir,Dist/Location:Srinagar
1076;1;Makhdoom Sahib Shrine;8;Srinagar;Jammu and Kashmir;Makhdoom,Sahib,Shrine,Srinagar,Jammu,and,Kashmir;State:Jammu and Kashmir,Dist/Location:Srinagar
1077;1;Durga Nag Temple;8;Srinagar;Jammu and Kashmir;Durga,Nag,Temple,Srinagar,Jammu,and,Kashmir;State:Jammu and Kashmir,Dist/Location:Srinagar
1078;1;Garden of Char Chinar;8;Srinagar;Jammu and Kashmir;Garden,of,Char,Chinar,Srinagar,Jammu,and,Kashmir;State:Jammu and Kashmir,Dist/Location:Srinagar
1079;1;Pir Dastgir Sahib;8;Srinagar;Jammu and Kashmir;Pir,Dastgir,Sahib,Srinagar,Jammu,and,Kashmir;State:Jammu and Kashmir,Dist/Location:Srinagar
1080;1;Dastgir Sahib Shrine;8;Srinagar;Jammu and Kashmir;Dastgir,Sahib,Shrine,Srinagar,Jammu,and,Kashmir;State:Jammu and Kashmir,Dist/Location:Srinagar
1081;1;Rainawari;8;Srinagar;Jammu and Kashmir;Rainawari,Srinagar,Jammu,and,Kashmir;State:Jammu and Kashmir,Dist/Location:Srinagar
1082;1;Badshah Tomb;8;Srinagar;Jammu and Kashmir;Badshah,Tomb,Srinagar,Jammu,and,Kashmir;State:Jammu and Kashmir,Dist/Location:Srinagar
1083;1;Sri Pratap Singh Museum;8;Srinagar;Jammu and Kashmir;Sri,Pratap,Singh,Museum,Srinagar,Jammu,and,Kashmir;State:Jammu and Kashmir,Dist/Location:Srinagar
1084;1;Pathar Masjid;8;Srinagar;Jammu and Kashmir;Pathar,Masjid,Srinagar,Jammu,and,Kashmir;State:Jammu and Kashmir,Dist/Location:Srinagar
1085;1;Parihaspora Pattan;8;Srinagar;Jammu and Kashmir;Parihaspora,Pattan,Srinagar,Jammu,and,Kashmir;State:Jammu and Kashmir,Dist/Location:Srinagar
1086;1;Naqshband Shrine;8;Srinagar;Jammu and Kashmir;Naqshband,Shrine,Srinagar,Jammu,and,Kashmir;State:Jammu and Kashmir,Dist/Location:Srinagar
1087;1;Roza Bal Shrine;8;Srinagar;Jammu and Kashmir;Roza,Bal,Shrine,Srinagar,Jammu,and,Kashmir;State:Jammu and Kashmir,Dist/Location:Srinagar
1088;1;Vaishno Devi Mandir;8;Jammu;Jammu and Kashmir;Vaishno,Devi,Mandir,Jammu,Jammu,and,Kashmir;State:Jammu and Kashmir,Dist/Location:Jammu
1089;1;Vaishno Devi;8;Katra;Jammu and Kashmir;Vaishno,Devi,Katra,Jammu,and,Kashmir;State:Jammu and Kashmir,Dist/Location:Katra
1090;1;Bagh-e-Bahu ;8;Jammu ;Jammu and Kashmir;Bagh-e-Bahu,Jammu,Jammu,and,Kashmir;State:Jammu and Kashmir,Dist/Location:Jammu 
1091;1;Nau Devi Temple ;8;Katra;Jammu and Kashmir;Nau,Devi,Temple,Katra,Jammu,and,Kashmir;State:Jammu and Kashmir,Dist/Location:Katra
1092;1;Sanasar Lake;8;Patnitop;Jammu and Kashmir;Sanasar,Lake,Patnitop,Jammu,and,Kashmir;State:Jammu and Kashmir,Dist/Location:Patnitop
1093;1;Naag Mandir;8;Patnitop;Jammu and Kashmir;Naag,Mandir,Patnitop,Jammu,and,Kashmir;State:Jammu and Kashmir,Dist/Location:Patnitop
1094;1;Ranbireshwar Temple;8;Jammu;Jammu and Kashmir;Ranbireshwar,Temple,Jammu,Jammu,and,Kashmir;State:Jammu and Kashmir,Dist/Location:Jammu
1095;1;Raghunath Temple;8;Jammu;Jammu and Kashmir;Raghunath,Temple,Jammu,Jammu,and,Kashmir;State:Jammu and Kashmir,Dist/Location:Jammu
1096;1;Peer Kho Cave Temple ;8;Jammu;Jammu and Kashmir;Peer,Kho,Cave,Temple,Jammu,Jammu,and,Kashmir;State:Jammu and Kashmir,Dist/Location:Jammu
1097;1;Bahu Fort;8;Jammu;Jammu and Kashmir;Bahu,Fort,Jammu,Jammu,and,Kashmir;State:Jammu and Kashmir,Dist/Location:Jammu
1098;1; Dera Baba Banda;8;Jammu;Jammu and Kashmir;,Dera,Baba,Banda,Jammu,Jammu,and,Kashmir;State:Jammu and Kashmir,Dist/Location:Jammu
1099;1;Raghunath Bazaar;8;Jammu;Jammu and Kashmir;Raghunath,Bazaar,Jammu,Jammu,and,Kashmir;State:Jammu and Kashmir,Dist/Location:Jammu
1100;1;Surinsar Lake;8;Jammu;Jammu and Kashmir;Surinsar,Lake,Jammu,Jammu,and,Kashmir;State:Jammu and Kashmir,Dist/Location:Jammu
1101;1;Mahamaya Temple;8;Jammu;Jammu and Kashmir;Mahamaya,Temple,Jammu,Jammu,and,Kashmir;State:Jammu and Kashmir,Dist/Location:Jammu
1102;1;Bawey Wali Mata Temple;8;Jammu;Jammu and Kashmir;Bawey,Wali,Mata,Temple,Jammu,Jammu,and,Kashmir;State:Jammu and Kashmir,Dist/Location:Jammu
1103;1;Amar Mahal Palace Museum ;8;Jammu;Jammu and Kashmir;Amar,Mahal,Palace,Museum,Jammu,Jammu,and,Kashmir;State:Jammu and Kashmir,Dist/Location:Jammu
1104;1;Sudh Mahadev;8;Patnitop;Jammu and Kashmir;Sudh,Mahadev,Patnitop,Jammu,and,Kashmir;State:Jammu and Kashmir,Dist/Location:Patnitop
1105;1;Dogra Art Museum;8;Jammu;Jammu and Kashmir;Dogra,Art,Museum,Jammu,Jammu,and,Kashmir;State:Jammu and Kashmir,Dist/Location:Jammu
1106;1;Baglihar Dam ;8;Patnitop;Jammu and Kashmir;Baglihar,Dam,Patnitop,Jammu,and,Kashmir;State:Jammu and Kashmir,Dist/Location:Patnitop
1107;1;Mubarak Mandi Palace;8;Jammu;Jammu and Kashmir;Mubarak,Mandi,Palace,Jammu,Jammu,and,Kashmir;State:Jammu and Kashmir,Dist/Location:Jammu
1108;1;Agar Jitoo;8;Udhampur;Jammu and Kashmir;Agar,Jitoo,Udhampur,Jammu,and,Kashmir;State:Jammu and Kashmir,Dist/Location:Udhampur
1109;1;Mantalai Temple ;8;Jammu;Jammu and Kashmir;Mantalai,Temple,Jammu,Jammu,and,Kashmir;State:Jammu and Kashmir,Dist/Location:Jammu
1110;1;Rani Charak Mahal;8;Jammu;Jammu and Kashmir;Rani,Charak,Mahal,Jammu,Jammu,and,Kashmir;State:Jammu and Kashmir,Dist/Location:Jammu
1111;1;Amar Mahal Museum;8;Jammu;Jammu and Kashmir;Amar,Mahal,Museum,Jammu,Jammu,and,Kashmir;State:Jammu and Kashmir,Dist/Location:Jammu
1112;1;ISKCON Udhampur;8;Udhampur;Jammu and Kashmir;ISKCON,Udhampur,Udhampur,Jammu,and,Kashmir;State:Jammu and Kashmir,Dist/Location:Udhampur
1113;1;Chenab Bridge;8;Jammu;Jammu and Kashmir;Chenab,Bridge,Jammu,Jammu,and,Kashmir;State:Jammu and Kashmir,Dist/Location:Jammu
1114;1;Bhumika Devi Temple;8;Jammu;Jammu and Kashmir;Bhumika,Devi,Temple,Jammu,Jammu,and,Kashmir;State:Jammu and Kashmir,Dist/Location:Jammu
1115;1;Kol Kandoli Mata Mandir;8;Nagrota;Jammu and Kashmir;Kol,Kandoli,Mata,Mandir,Nagrota,Jammu,and,Kashmir;State:Jammu and Kashmir,Dist/Location:Nagrota
1116;1;Nandini Wildlife Sanctuary;8;Jammu;Jammu and Kashmir;Nandini,Wildlife,Sanctuary,Jammu,Jammu,and,Kashmir;State:Jammu and Kashmir,Dist/Location:Jammu
1117;1;Deva Mayi Maa Temple ;8;Udhampur;Jammu and Kashmir;Deva,Mayi,Maa,Temple,Udhampur,Jammu,and,Kashmir;State:Jammu and Kashmir,Dist/Location:Udhampur
1118;1;Krimchi Temples;8;Udhampur;Jammu and Kashmir;Krimchi,Temples,Udhampur,Jammu,and,Kashmir;State:Jammu and Kashmir,Dist/Location:Udhampur
1119;1;Bhimgarh Fort;8;Udhampur;Jammu and Kashmir;Bhimgarh,Fort,Udhampur,Jammu,and,Kashmir;State:Jammu and Kashmir,Dist/Location:Udhampur
1120;1;PatniTop Circular Road;8;Udhampur;Jammu and Kashmir;PatniTop,Circular,Road,Udhampur,Jammu,and,Kashmir;State:Jammu and Kashmir,Dist/Location:Udhampur
1121;1;Aap Shambhu Temple;8;Jammu;Jammu and Kashmir;Aap,Shambhu,Temple,Jammu,Jammu,and,Kashmir;State:Jammu and Kashmir,Dist/Location:Jammu
1122;1;Billo KI Powri;8;Patnitop;Jammu and Kashmir;Billo,KI,Powri,Patnitop,Jammu,and,Kashmir;State:Jammu and Kashmir,Dist/Location:Patnitop
1123;1;Kalika Temple;8;Udhampur;Jammu and Kashmir;Kalika,Temple,Udhampur,Jammu,and,Kashmir;State:Jammu and Kashmir,Dist/Location:Udhampur
1124;1;ISKCON Temple;8;Udhampur;Jammu and Kashmir;ISKCON,Temple,Udhampur,Jammu,and,Kashmir;State:Jammu and Kashmir,Dist/Location:Udhampur
1125;1;Apharwat Peak;8;Gulmarg;Jammu and Kashmir;Apharwat,Peak,Gulmarg,Jammu,and,Kashmir;State:Jammu and Kashmir,Dist/Location:Gulmarg
1126;1;Gulmarg Gondola;8;Gulmarg;Jammu and Kashmir;Gulmarg,Gondola,Gulmarg,Jammu,and,Kashmir;State:Jammu and Kashmir,Dist/Location:Gulmarg
1127;1;Gulmarg Alpine Guides;8;Gulmarg;Jammu and Kashmir;Gulmarg,Alpine,Guides,Gulmarg,Jammu,and,Kashmir;State:Jammu and Kashmir,Dist/Location:Gulmarg
1128;1;Gulmarg Ski Resort;8;Gulmarg;Jammu and Kashmir;Gulmarg,Ski,Resort,Gulmarg,Jammu,and,Kashmir;State:Jammu and Kashmir,Dist/Location:Gulmarg
1129;1;Rani Temple;8;Gulmarg;Jammu and Kashmir;Rani,Temple,Gulmarg,Jammu,and,Kashmir;State:Jammu and Kashmir,Dist/Location:Gulmarg
1130;1;Baba Reshi Shrine;8;Gulmarg;Jammu and Kashmir;Baba,Reshi,Shrine,Gulmarg,Jammu,and,Kashmir;State:Jammu and Kashmir,Dist/Location:Gulmarg
1131;1;Children's Park;8;Gulmarg;Jammu and Kashmir;Children's,Park,Gulmarg,Jammu,and,Kashmir;State:Jammu and Kashmir,Dist/Location:Gulmarg
1132;1;Alpather Lake;8;Gulmarg;Jammu and Kashmir;Alpather,Lake,Gulmarg,Jammu,and,Kashmir;State:Jammu and Kashmir,Dist/Location:Gulmarg
1133;1;Ningle Nallah;8;Gulmarg;Jammu and Kashmir;Ningle,Nallah,Gulmarg,Jammu,and,Kashmir;State:Jammu and Kashmir,Dist/Location:Gulmarg
1134;1;St Mary's Church;8;Gulmarg;Jammu and Kashmir;St,Mary's,Church,Gulmarg,Jammu,and,Kashmir;State:Jammu and Kashmir,Dist/Location:Gulmarg
1135;1;Ferozepur Nallah;8;Gulmarg;Jammu and Kashmir;Ferozepur,Nallah,Gulmarg,Jammu,and,Kashmir;State:Jammu and Kashmir,Dist/Location:Gulmarg
1136;1;Imambara Goom;8;Gulmarg;Jammu and Kashmir;Imambara,Goom,Gulmarg,Jammu,and,Kashmir;State:Jammu and Kashmir,Dist/Location:Gulmarg
1137;1;Gulmarg Biosphere Reserve;8;Gulmarg;Jammu and Kashmir;Gulmarg,Biosphere,Reserve,Gulmarg,Jammu,and,Kashmir;State:Jammu and Kashmir,Dist/Location:Gulmarg
1138;1;Banibal Nag;8;Gulmarg;Jammu and Kashmir;Banibal,Nag,Gulmarg,Jammu,and,Kashmir;State:Jammu and Kashmir,Dist/Location:Gulmarg
1139;1;Gear Rentals;8;Gulmarg;Jammu and Kashmir;Gear,Rentals,Gulmarg,Jammu,and,Kashmir;State:Jammu and Kashmir,Dist/Location:Gulmarg
1140;1;Betaab Valley;8;Pahalgam;Jammu and Kashmir;Betaab,Valley,Pahalgam,Jammu,and,Kashmir;State:Jammu and Kashmir,Dist/Location:Pahalgam
1141;1;Aru Valley;8;Pahalgam;Jammu and Kashmir;Aru,Valley,Pahalgam,Jammu,and,Kashmir;State:Jammu and Kashmir,Dist/Location:Pahalgam
1142;1;Chandanwari;8;Pahalgam;Jammu and Kashmir;Chandanwari,Pahalgam,Jammu,and,Kashmir;State:Jammu and Kashmir,Dist/Location:Pahalgam
1143;1;Tulian Lake;8;Pahalgam;Jammu and Kashmir;Tulian,Lake,Pahalgam,Jammu,and,Kashmir;State:Jammu and Kashmir,Dist/Location:Pahalgam
1144;1;Mamaleshwar Temple;8;Pahalgam;Jammu and Kashmir;Mamaleshwar,Temple,Pahalgam,Jammu,and,Kashmir;State:Jammu and Kashmir,Dist/Location:Pahalgam
1145;1;Sheshnag Lake;8;Pahalgam;Jammu and Kashmir;Sheshnag,Lake,Pahalgam,Jammu,and,Kashmir;State:Jammu and Kashmir,Dist/Location:Pahalgam
1146;1;Khadi Bhandar;8;Pahalgam;Jammu and Kashmir;Khadi,Bhandar,Pahalgam,Jammu,and,Kashmir;State:Jammu and Kashmir,Dist/Location:Pahalgam
1147;1;Nathatop;8;Patnitop;Jammu and Kashmir;Nathatop,Patnitop,Jammu,and,Kashmir;State:Jammu and Kashmir,Dist/Location:Patnitop
1148;1;Baglihar Dam;8;Patnitop;Jammu and Kashmir;Baglihar,Dam,Patnitop,Jammu,and,Kashmir;State:Jammu and Kashmir,Dist/Location:Patnitop
1149;1;Nathatop;8;Patnitop;Jammu and Kashmir;Nathatop,Patnitop,Jammu,and,Kashmir;State:Jammu and Kashmir,Dist/Location:Patnitop
1150;1;Kashmir Valley;8;Karakoram ;Jammu and Kashmir;Kashmir,Valley,Karakoram,Jammu,and,Kashmir;State:Jammu and Kashmir,Dist/Location:Karakoram 
1151;1;Drass War Memorial;8;Kargil;Jammu and Kashmir;Drass,War,Memorial,Kargil,Jammu,and,Kashmir;State:Jammu and Kashmir,Dist/Location:Kargil
1152;1;Lamayuru Monastery,Yuru Gompa;8;Kargil;Jammu and Kashmir;Lamayuru,Monastery,Yuru,Gompa,Kargil,Jammu,and,Kashmir;State:Jammu and Kashmir,Dist/Location:Kargil
1153;1;Mulbekh Monastery;8;Kargil;Jammu and Kashmir;Mulbekh,Monastery,Kargil,Jammu,and,Kashmir;State:Jammu and Kashmir,Dist/Location:Kargil
1154;1;Suru Valley;8;Kargil;Jammu and Kashmir;Suru,Valley,Kargil,Jammu,and,Kashmir;State:Jammu and Kashmir,Dist/Location:Kargil
1155;1;Phuktal Monastery;8;Kargil;Jammu and Kashmir;Phuktal,Monastery,Kargil,Jammu,and,Kashmir;State:Jammu and Kashmir,Dist/Location:Kargil
1156;1;Karste River;8;Kargil;Jammu and Kashmir;Karste,River,Kargil,Jammu,and,Kashmir;State:Jammu and Kashmir,Dist/Location:Kargil
1157;1;Shargole Monastery;8;Kargil;Jammu and Kashmir;Shargole,Monastery,Kargil,Jammu,and,Kashmir;State:Jammu and Kashmir,Dist/Location:Kargil
1158;1;Sani Monastery;8;Kargil;Jammu and Kashmir;Sani,Monastery,Kargil,Jammu,and,Kashmir;State:Jammu and Kashmir,Dist/Location:Kargil
1159;1;Nakpochu Valley;8;Kargil;Jammu and Kashmir;Nakpochu,Valley,Kargil,Jammu,and,Kashmir;State:Jammu and Kashmir,Dist/Location:Kargil
1160;1;Karste Valley;8;Kargil;Jammu and Kashmir;Karste,Valley,Kargil,Jammu,and,Kashmir;State:Jammu and Kashmir,Dist/Location:Kargil
1161;1;Cave Monastery;8;Kargil;Jammu and Kashmir;Cave,Monastery,Kargil,Jammu,and,Kashmir;State:Jammu and Kashmir,Dist/Location:Kargil
1162;1;Hemis National Park;8;Leh;Jammu and Kashmir;Hemis,National,Park,Leh,Jammu,and,Kashmir;State:Jammu and Kashmir,Dist/Location:Leh
1163;1;Nubra Valley;8;Leh ;Jammu and Kashmir;Nubra,Valley,Leh,Jammu,and,Kashmir;State:Jammu and Kashmir,Dist/Location:Leh 
1164;1;Dachigam National Park ;8;Srinagar;Jammu and Kashmir;Dachigam,National,Park,Srinagar,Jammu,and,Kashmir;State:Jammu and Kashmir,Dist/Location:Srinagar
1165;1;Tsomoriri Wetland Conservation Reserve;8;;Jammu and Kashmir;Tsomoriri,Wetland,Conservation,Reserve,Jammu,and,Kashmir;State:Jammu and Kashmir,Dist/Location:
1166;1;Diskit Monastery;8;Gompa ;Jammu and Kashmir;Diskit,Monastery,Gompa,Jammu,and,Kashmir;State:Jammu and Kashmir,Dist/Location:Gompa 
1167;1;Lamayuru Monastery;8;Leh ;Jammu and Kashmir;Lamayuru,Monastery,Leh,Jammu,and,Kashmir;State:Jammu and Kashmir,Dist/Location:Leh 
1168;1;Rumtek Monastery;8;Gangtok;Sikim;Rumtek,Monastery,Gangtok,Sikim;State:Sikim,Dist/Location:Gangtok
1169;1;Nathu La ;8;Gangtok;Sikim;Nathu,La,Gangtok,Sikim;State:Sikim,Dist/Location:Gangtok
1170;1;Pemayangtse Monastery;8;West Sikkim;Sikim;Pemayangtse,Monastery,West,Sikkim,Sikim;State:Sikim,Dist/Location:West Sikkim
1171;1;Gurudongmar Lake;8;;Sikim;Gurudongmar,Lake,Sikim;State:Sikim,Dist/Location:
1172;1;Tashi View Point;8;Gangtok;Sikim;Tashi,View,Point,Gangtok,Sikim;State:Sikim,Dist/Location:Gangtok
1173;1;Namgyal Institute of Tibetology;8;Gangtok;Sikim;Namgyal,Institute,of,Tibetology,Gangtok,Sikim;State:Sikim,Dist/Location:Gangtok
1174;1;Hanuman Tok;8;Gangtok;Sikim;Hanuman,Tok,Gangtok,Sikim;State:Sikim,Dist/Location:Gangtok
1175;1;Phodong Monastery;8;Gangtok;Sikim;Phodong,Monastery,Gangtok,Sikim;State:Sikim,Dist/Location:Gangtok
1176;1;Zemu Glacier;8;;Sikim;Zemu,Glacier,Sikim;State:Sikim,Dist/Location:
1177;1;Lake Tsomgo;8;Gangtok;Sikim;Lake,Tsomgo,Gangtok,Sikim;State:Sikim,Dist/Location:Gangtok
1178;1;Baba Harbhajan Singh Memorial Temple;8;Gangtok;Sikim;Baba,Harbhajan,Singh,Memorial,Temple,Gangtok,Sikim;State:Sikim,Dist/Location:Gangtok
1179;1;Ranka Monastery;8;Gangtok;Sikim;Ranka,Monastery,Gangtok,Sikim;State:Sikim,Dist/Location:Gangtok
1180;1;Yumesamdong,Zero Point;8;Gangtok;Sikim;Yumesamdong,Zero,Point,Gangtok,Sikim;State:Sikim,Dist/Location:Gangtok
1181;1;Tsomgo Lake;8;Gangtok;Sikim;Tsomgo,Lake,Gangtok,Sikim;State:Sikim,Dist/Location:Gangtok
1182;1;Yumthang Valley - Tamu Tour and Treks;8;Gangtok;Sikim;Yumthang,Valley,Tamu,Tour,and,Treks,Gangtok,Sikim;State:Sikim,Dist/Location:Gangtok
1183;1;Buddha Park;8;Ravangla;Sikim;Buddha,Park,Ravangla,Sikim;State:Sikim,Dist/Location:Ravangla
1184;1;Kanchenjunga Falls;8;Pelling;Sikim;Kanchenjunga,Falls,Pelling,Sikim;State:Sikim,Dist/Location:Pelling
1185;1;Char Dham;8;Namchi;Sikim;Char,Dham,Namchi,Sikim;State:Sikim,Dist/Location:Namchi
1186;1;Banjhakri Water Falls;8;Gangtok;Sikim;Banjhakri,Water,Falls,Gangtok,Sikim;State:Sikim,Dist/Location:Gangtok
1187;1;Himalayan Zoological Park;8;Gangtok;Sikim;Himalayan,Zoological,Park,Gangtok,Sikim;State:Sikim,Dist/Location:Gangtok
1188;1;Ganesh Tok View Point ;8;Gangtok;Sikim;Ganesh,Tok,View,Point,Gangtok,Sikim;State:Sikim,Dist/Location:Gangtok
1189;1;Khecheopalri Lake;8;Pelling;Sikim;Khecheopalri,Lake,Pelling,Sikim;State:Sikim,Dist/Location:Pelling
1190;1;Singshore Bridge;8;Pelling;Sikim;Singshore,Bridge,Pelling,Sikim;State:Sikim,Dist/Location:Pelling
1191;1;Flower Exhibition Centre ;8;Gangtok;Sikim;Flower,Exhibition,Centre,Gangtok,Sikim;State:Sikim,Dist/Location:Gangtok
1192;1;Enchey Monastery;8;Gangtok;Sikim;Enchey,Monastery,Gangtok,Sikim;State:Sikim,Dist/Location:Gangtok
1193;1;Pemayangtse Gompa;8;Pelling;Sikim;Pemayangtse,Gompa,Pelling,Sikim;State:Sikim,Dist/Location:Pelling
1194;1;Do Drul Chorten Stupa ;8;Gangtok;Sikim;Do,Drul,Chorten,Stupa,Gangtok,Sikim;State:Sikim,Dist/Location:Gangtok
1195;1;Gangtok Ropeway;8;Gangtok;Sikim;Gangtok,Ropeway,Gangtok,Sikim;State:Sikim,Dist/Location:Gangtok
1196;1;Samdruptse Hill;8;Ravangla;Sikim;Samdruptse,Hill,Ravangla,Sikim;State:Sikim,Dist/Location:Ravangla
1197;1;Temi Tea Garden;8;Gangtok;Sikim;Temi,Tea,Garden,Gangtok,Sikim;State:Sikim,Dist/Location:Gangtok
1198;1;Mayfair Gangtok Casino Mahjong ;8;;Sikim;Mayfair,Gangtok,Casino,Mahjong,Sikim;State:Sikim,Dist/Location:
1199;1;Tendong Hill ;8;Namchi;Sikim;Tendong,Hill,Namchi,Sikim;State:Sikim,Dist/Location:Namchi
1200;1;Varsey Rhododendron Sanctuary;8;;Sikim;Varsey,Rhododendron,Sanctuary,Sikim;State:Sikim,Dist/Location:
1201;1;Ujjayanta Palace;8;Agartala;Tripura;Ujjayanta,Palace,Agartala,Tripura;State:Tripura,Dist/Location:Agartala
1202;1;Tripurasundari Temple ;8;Agartala;Tripura;Tripurasundari,Temple,Agartala,Tripura;State:Tripura,Dist/Location:Agartala
1203;1;Neermahal Palace;8;Agartala;Tripura;Neermahal,Palace,Agartala,Tripura;State:Tripura,Dist/Location:Agartala
1204;1;Unakoti;8;Agartala;Tripura;Unakoti,Agartala,Tripura;State:Tripura,Dist/Location:Agartala
1205;1;Tripura Government Museum ;8;Agartala;Tripura;Tripura,Government,Museum,Agartala,Tripura;State:Tripura,Dist/Location:Agartala
1206;1;Sipahijala Wildlife Sanctuary;8;Agartala;Tripura;Sipahijala,Wildlife,Sanctuary,Agartala,Tripura;State:Tripura,Dist/Location:Agartala
1207;1;Sepahijala Wild Life Sanctuary;8;Agartala;Tripura;Sepahijala,Wild,Life,Sanctuary,Agartala,Tripura;State:Tripura,Dist/Location:Agartala
1208;1;Kamaleswari temple;8;Agartala;Tripura;Kamaleswari,temple,Agartala,Tripura;State:Tripura,Dist/Location:Agartala
1209;1;Jagannath Temple ;8;Agartala;Tripura;Jagannath,Temple,Agartala,Tripura;State:Tripura,Dist/Location:Agartala
1210;1;Heritage Park;8;Agartala;Tripura;Heritage,Park,Agartala,Tripura;State:Tripura,Dist/Location:Agartala
1211;1;Fourteen Goddess Temple;8;Agartala;Tripura;Fourteen,Goddess,Temple,Agartala,Tripura;State:Tripura,Dist/Location:Agartala
1212;1;Venuban Vihar Buddha Shrine;8;Agartala;Tripura;Venuban,Vihar,Buddha,Shrine,Agartala,Tripura;State:Tripura,Dist/Location:Agartala
1213;1;Kalyan Sagar Lake;8;Agartala;Tripura;Kalyan,Sagar,Lake,Agartala,Tripura;State:Tripura,Dist/Location:Agartala
1214;1;Nehru Park ;8;Agartala;Tripura;Nehru,Park,Agartala,Tripura;State:Tripura,Dist/Location:Agartala
1215;1;Pilak;8;Agartala;Tripura;Pilak,Agartala,Tripura;State:Tripura,Dist/Location:Agartala
1216;1;Rudrasagar Lake;8;Agartala;Tripura;Rudrasagar,Lake,Agartala,Tripura;State:Tripura,Dist/Location:Agartala
1217;1;Jampui Hill ;8;Agartala;Tripura;Jampui,Hill,Agartala,Tripura;State:Tripura,Dist/Location:Agartala
1218;1;Ravindra Kanan ;8;Agartala;Tripura;Ravindra,Kanan,Agartala,Tripura;State:Tripura,Dist/Location:Agartala
1219;1;Rose Valley Amusement Park;8;Agartala;Tripura;Rose,Valley,Amusement,Park,Agartala,Tripura;State:Tripura,Dist/Location:Agartala
1220;1;Trishna Wildlife Sanctuary;8;Agartala;Tripura;Trishna,Wildlife,Sanctuary,Agartala,Tripura;State:Tripura,Dist/Location:Agartala
1221;1;Kalapania Nature Park;8;Agartala;Tripura;Kalapania,Nature,Park,Agartala,Tripura;State:Tripura,Dist/Location:Agartala
1222;1;Kamala Sagar;8;Agartala;Tripura;Kamala,Sagar,Agartala,Tripura;State:Tripura,Dist/Location:Agartala
1223;1;Haveli Museum;8;Agartala;Tripura;Haveli,Museum,Agartala,Tripura;State:Tripura,Dist/Location:Agartala
1224;1;Sukanta Academy;8;Agartala;Tripura;Sukanta,Academy,Agartala,Tripura;State:Tripura,Dist/Location:Agartala
1225;1;Gedu Miar Maszid ;8;Agartala;Tripura;Gedu,Miar,Maszid,Agartala,Tripura;State:Tripura,Dist/Location:Agartala
1226;1;Kalibari Temple;8;Agartala;Tripura;Kalibari,Temple,Agartala,Tripura;State:Tripura,Dist/Location:Agartala
1227;1;Benu Ban Bihari Temple;8;Agartala;Tripura;Benu,Ban,Bihari,Temple,Agartala,Tripura;State:Tripura,Dist/Location:Agartala
1228;1;Benuban Vihar ;8;Agartala;Tripura;Benuban,Vihar,Agartala,Tripura;State:Tripura,Dist/Location:Agartala
1229;1;ISKCON, Math Chowmuhani ;8;Agartala;Tripura;ISKCON,Math,Chowmuhani,Agartala,Tripura;State:Tripura,Dist/Location:Agartala
1230;1;Domboor Lake;8;Agartala;Tripura;Domboor,Lake,Agartala,Tripura;State:Tripura,Dist/Location:Agartala
1231;1;Double Decker Living Root Bridge;8;Cherrapunjee;Meghalaya;Double,Decker,Living,Root,Bridge,Cherrapunjee,Meghalaya;State:Meghalaya,Dist/Location:Cherrapunjee
1232;1;Mawsmai Cave;8;Cherrapunjee;Meghalaya;Mawsmai,Cave,Cherrapunjee,Meghalaya;State:Meghalaya,Dist/Location:Cherrapunjee
1233;1;Don Bosco Centre for Indigenous Cultures;8;Shillong;Meghalaya;Don,Bosco,Centre,for,Indigenous,Cultures,Shillong,Meghalaya;State:Meghalaya,Dist/Location:Shillong
1234;1;Umium Lake ;8;Shillong;Meghalaya;Umium,Lake,Shillong,Meghalaya;State:Meghalaya,Dist/Location:Shillong
1235;1;Mawsmai Cave;8;Cherrapunjee;Meghalaya;Mawsmai,Cave,Cherrapunjee,Meghalaya;State:Meghalaya,Dist/Location:Cherrapunjee
1236;1;Elephant Falls;8;Shillong;Meghalaya;Elephant,Falls,Shillong,Meghalaya;State:Meghalaya,Dist/Location:Shillong
1237;1;Nohkalikai Falls;8;Cherrapunjee;Meghalaya;Nohkalikai,Falls,Cherrapunjee,Meghalaya;State:Meghalaya,Dist/Location:Cherrapunjee
1238;1;Mawlynnong Waterfall ;8;Mawlynnong;Meghalaya;Mawlynnong,Waterfall,Mawlynnong,Meghalaya;State:Meghalaya,Dist/Location:Mawlynnong
1239;1;Roots Bridges;8;Mawlynnong;Meghalaya;Roots,Bridges,Mawlynnong,Meghalaya;State:Meghalaya,Dist/Location:Mawlynnong
1240;1;Ward's Lake;8;Shillong;Meghalaya;Ward's,Lake,Shillong,Meghalaya;State:Meghalaya,Dist/Location:Shillong
1241;1;Shillong View Point;8;Shillong;Meghalaya;Shillong,View,Point,Shillong,Meghalaya;State:Meghalaya,Dist/Location:Shillong
1242;1;Police Bazar ;8;Shillong;Meghalaya;Police,Bazar,Shillong,Meghalaya;State:Meghalaya,Dist/Location:Shillong
1243;1;Ward's Lake;8;Shillong;Meghalaya;Ward's,Lake,Shillong,Meghalaya;State:Meghalaya,Dist/Location:Shillong
1244;1;Cathedral of Mary Help of Christians;8;Shillong;Meghalaya;Cathedral,of,Mary,Help,of,Christians,Shillong,Meghalaya;State:Meghalaya,Dist/Location:Shillong
1245;1;Mawjymbuin Cave;8;Shillong;Meghalaya;Mawjymbuin,Cave,Shillong,Meghalaya;State:Meghalaya,Dist/Location:Shillong
1246;1;Mawphlang Sacred Forest ;8;Shillong;Meghalaya;Mawphlang,Sacred,Forest,Shillong,Meghalaya;State:Meghalaya,Dist/Location:Shillong
1247;1;Shillong Peak;8;Shillong;Meghalaya;Shillong,Peak,Shillong,Meghalaya;State:Meghalaya,Dist/Location:Shillong
1248;1;All Saints Church;8;Shillong;Meghalaya;All,Saints,Church,Shillong,Meghalaya;State:Meghalaya,Dist/Location:Shillong
1249;1;Umiam Lake;8;Nongpoh;Meghalaya;Umiam,Lake,Nongpoh,Meghalaya;State:Meghalaya,Dist/Location:Nongpoh
1250;1;Laitlum Canyons;8;Shillong;Meghalaya;Laitlum,Canyons,Shillong,Meghalaya;State:Meghalaya,Dist/Location:Shillong
1251;1;Mawkdok Dympep Valley ;8;Cherrapunjee;Meghalaya;Mawkdok,Dympep,Valley,Cherrapunjee,Meghalaya;State:Meghalaya,Dist/Location:Cherrapunjee
1252;1;Air Force Museum;8;Shillong;Meghalaya;Air,Force,Museum,Shillong,Meghalaya;State:Meghalaya,Dist/Location:Shillong
1253;1;Lady Hydari Park;8;Shillong;Meghalaya;Lady,Hydari,Park,Shillong,Meghalaya;State:Meghalaya,Dist/Location:Shillong
1254;1;Seven Sisters Falls;8;Cherrapunjee;Meghalaya;Seven,Sisters,Falls,Cherrapunjee,Meghalaya;State:Meghalaya,Dist/Location:Cherrapunjee
1255;1;Dawki River;8;Shillong;Meghalaya;Dawki,River,Shillong,Meghalaya;State:Meghalaya,Dist/Location:Shillong
1256;1;Mawlynnong Village;8;Mawlynnong;Meghalaya;Mawlynnong,Village,Mawlynnong,Meghalaya;State:Meghalaya,Dist/Location:Mawlynnong
1257;1;Ka Khoh Ramhah;8;Cherrapunjee;Meghalaya;Ka,Khoh,Ramhah,Cherrapunjee,Meghalaya;State:Meghalaya,Dist/Location:Cherrapunjee
1258;1;Sa-I-Mika Park;8;Cherrapunjee;Meghalaya;Sa-I-Mika,Park,Cherrapunjee,Meghalaya;State:Meghalaya,Dist/Location:Cherrapunjee
1259;1;Nohsngithiang Falls;8;Cherrapunjee;Meghalaya;Nohsngithiang,Falls,Cherrapunjee,Meghalaya;State:Meghalaya,Dist/Location:Cherrapunjee
1260;1;Eco Park;8;Cherrapunjee;Meghalaya;Eco,Park,Cherrapunjee,Meghalaya;State:Meghalaya,Dist/Location:Cherrapunjee
1261;1;Butterfly Museum;8;Shillong;Meghalaya;Butterfly,Museum,Shillong,Meghalaya;State:Meghalaya,Dist/Location:Shillong
1262;1;Kohima War Cemetery;8;Kohima;Nagaland;Kohima,War,Cemetery,Kohima,Nagaland;State:Nagaland,Dist/Location:Kohima
1263;1;Naga Heritage Village;8;Kohima;Nagaland;Naga,Heritage,Village,Kohima,Nagaland;State:Nagaland,Dist/Location:Kohima
1264;1;Khonoma Village;8;Kohima;Nagaland;Khonoma,Village,Kohima,Nagaland;State:Nagaland,Dist/Location:Kohima
1265;1;Kisama Heritage Village;8;Kohima;Nagaland;Kisama,Heritage,Village,Kohima,Nagaland;State:Nagaland,Dist/Location:Kohima
1266;1;Kohima Museum;8;Kohima;Nagaland;Kohima,Museum,Kohima,Nagaland;State:Nagaland,Dist/Location:Kohima
1267;1;Catholic Church;8;Kohima;Nagaland;Catholic,Church,Kohima,Nagaland;State:Nagaland,Dist/Location:Kohima
1268;1;Kachari Ruins;8;Dimapur;Nagaland;Kachari,Ruins,Dimapur,Nagaland;State:Nagaland,Dist/Location:Dimapur
1269;1;The Catholic Cathedral ;8;Kohima;Nagaland;The,Catholic,Cathedral,Kohima,Nagaland;State:Nagaland,Dist/Location:Kohima
1270;1;Dzukou Valley;8;Kohima;Nagaland;Dzukou,Valley,Kohima,Nagaland;State:Nagaland,Dist/Location:Kohima
1271;1;Longwa Village;8;Mon;Nagaland;Longwa,Village,Mon,Nagaland;State:Nagaland,Dist/Location:Mon
1272;1;Japfu Peak;8;Kohima;Nagaland;Japfu,Peak,Kohima,Nagaland;State:Nagaland,Dist/Location:Kohima
1273;1;Doyang Hydro Project;8;Wokha;Nagaland;Doyang,Hydro,Project,Wokha,Nagaland;State:Nagaland,Dist/Location:Wokha
1274;1;Doyang River ;8;Wokha;Nagaland;Doyang,River,Wokha,Nagaland;State:Nagaland,Dist/Location:Wokha
1275;1;Nagaland Zoological Park;8;Dimapur;Nagaland;Nagaland,Zoological,Park,Dimapur,Nagaland;State:Nagaland,Dist/Location:Dimapur
1276;1;Ungma ;8;Mokokchung;Nagaland;Ungma,Mokokchung,Nagaland;State:Nagaland,Dist/Location:Mokokchung
1277;1;Triple Falls;8;Dimapur;Nagaland;Triple,Falls,Dimapur,Nagaland;State:Nagaland,Dist/Location:Dimapur
1278;1;Nagaland Science Centre ;8;Dimapur;Nagaland;Nagaland,Science,Centre,Dimapur,Nagaland;State:Nagaland,Dist/Location:Dimapur
1279;1;Changkikong Range;8;Mokokchung;Nagaland;Changkikong,Range,Mokokchung,Nagaland;State:Nagaland,Dist/Location:Mokokchung
1280;1;Shilloi Lake;8;Kohima;Nagaland;Shilloi,Lake,Kohima,Nagaland;State:Nagaland,Dist/Location:Kohima
1281;1;Naga Bazzar ;8;Kohima;Nagaland;Naga,Bazzar,Kohima,Nagaland;State:Nagaland,Dist/Location:Kohima
1282;1;Ongpangkong Range;8;Kohima;Nagaland;Ongpangkong,Range,Kohima,Nagaland;State:Nagaland,Dist/Location:Kohima
1283;1;Intanki Wildlife Sanctuary;8;Kohima;Nagaland;Intanki,Wildlife,Sanctuary,Kohima,Nagaland;State:Nagaland,Dist/Location:Kohima
1284;1;Kohima Zoo ;8;Kohima;Nagaland;Kohima,Zoo,Kohima,Nagaland;State:Nagaland,Dist/Location:Kohima
1285;1;Fakim Wildlife Sanctuary;8;Zunheboto;Nagaland;Fakim,Wildlife,Sanctuary,Zunheboto,Nagaland;State:Nagaland,Dist/Location:Zunheboto
1286;1;Ntangki National Park ;8;Peren;Nagaland;Ntangki,National,Park,Peren,Nagaland;State:Nagaland,Dist/Location:Peren
1287;1;Totsu Wozhu Lake;8;Wokha;Nagaland;Totsu,Wozhu,Lake,Wokha,Nagaland;State:Nagaland,Dist/Location:Wokha
1288;1;Langpangkong Caves ;8;Mokokchung;Nagaland;Langpangkong,Caves,Mokokchung,Nagaland;State:Nagaland,Dist/Location:Mokokchung
1289;1;Loktak Lake ;8;Imphal;Manipur;Loktak,Lake,Imphal,Manipur;State:Manipur,Dist/Location:Imphal
1290;1;Kangla Fort;8;Imphal;Manipur;Kangla,Fort,Imphal,Manipur;State:Manipur,Dist/Location:Imphal
1291;1;Imphal War Cemetery ;8;Imphal;Manipur;Imphal,War,Cemetery,Imphal,Manipur;State:Manipur,Dist/Location:Imphal
1292;1;Shri Govindjee Temple ;8;Imphal;Manipur;Shri,Govindjee,Temple,Imphal,Manipur;State:Manipur,Dist/Location:Imphal
1293;1;INA Museum;8;Imphal;Manipur;INA,Museum,Imphal,Manipur;State:Manipur,Dist/Location:Imphal
1294;1;Red Hill - Lokpaching ;8;Imphal;Manipur;Red,Hill,-,Lokpaching,Imphal,Manipur;State:Manipur,Dist/Location:Imphal
1295;1;ISKCON Temple;8;Imphal;Manipur;ISKCON,Temple,Imphal,Manipur;State:Manipur,Dist/Location:Imphal
1296;1;Imphal Valley;8;Imphal;Manipur;Imphal,Valley,Imphal,Manipur;State:Manipur,Dist/Location:Imphal
1297;1;Manipur State Museum;8;Imphal;Manipur;Manipur,State,Museum,Imphal,Manipur;State:Manipur,Dist/Location:Imphal
1298;1;Shaheed Minar;8;Imphal;Manipur;Shaheed,Minar,Imphal,Manipur;State:Manipur,Dist/Location:Imphal
1299;1;RKCS Art Gallery ;8;Imphal;Manipur;RKCS,Art,Gallery,Imphal,Manipur;State:Manipur,Dist/Location:Imphal
1300;1;Three Mothers Art Gallery;8;Imphal;Manipur;Three,Mothers,Art,Gallery,Imphal,Manipur;State:Manipur,Dist/Location:Imphal
1301;1;Shri Hanuman Thakur Temple;8;Imphal;Manipur;Shri,Hanuman,Thakur,Temple,Imphal,Manipur;State:Manipur,Dist/Location:Imphal
1302;1;Manipur Zoological Gardens;8;Imphal;Manipur;Manipur,Zoological,Gardens,Imphal,Manipur;State:Manipur,Dist/Location:Imphal
1303;1;Shirui Kashung;8;Ukhrul;Manipur;Shirui,Kashung,Ukhrul,Manipur;State:Manipur,Dist/Location:Ukhrul
1304;1;Khonghampat Orchidarium;8;Imphal;Manipur;Khonghampat,Orchidarium,Imphal,Manipur;State:Manipur,Dist/Location:Imphal
1305;1;Sadu Chiru Waterfalls;8;;Manipur;Sadu,Chiru,Waterfalls,Manipur;State:Manipur,Dist/Location:
1306;1;Kombirei Garden;8;Imphal;Manipur;Kombirei,Garden,Imphal,Manipur;State:Manipur,Dist/Location:Imphal
1307;1;Singda Dam;8;Imphal;Manipur;Singda,Dam,Imphal,Manipur;State:Manipur,Dist/Location:Imphal
1308;1;Nillai Tea Estate ;8;Imphal;Manipur;Nillai,Tea,Estate,Imphal,Manipur;State:Manipur,Dist/Location:Imphal
1309;1;Sirohi National park;8;Imphal;Manipur;Sirohi,National,park,Imphal,Manipur;State:Manipur,Dist/Location:Imphal
1310;1;Loukoi Pat Lake;8;Imphal;Manipur;Loukoi,Pat,Lake,Imphal,Manipur;State:Manipur,Dist/Location:Imphal
1311;1;Khayang Peak;8;Ukhrul;Manipur;Khayang,Peak,Ukhrul,Manipur;State:Manipur,Dist/Location:Ukhrul
1312;1;Khangkhui Cave;8;Ukhrul;Manipur;Khangkhui,Cave,Ukhrul,Manipur;State:Manipur,Dist/Location:Ukhrul
1313;1;Sirohi National park;8;Imphal;Manipur;Sirohi,National,park,Imphal,Manipur;State:Manipur,Dist/Location:Imphal
1314;1;Beas River;8;Manali;Himachala Pradesh;Beas,River,Manali,Himachala,Pradesh;State:Himachala Pradesh,Dist/Location:Manali
1315;1;Triund Hill;8;McLeod Ganj;Himachala Pradesh;Triund,Hill,McLeod,Ganj,Himachala,Pradesh;State:Himachala Pradesh,Dist/Location:McLeod Ganj
1316;1;Kali Ka Tibba ;8;Chail;Himachala Pradesh;Kali,Ka,Tibba,Chail,Himachala,Pradesh;State:Himachala Pradesh,Dist/Location:Chail
1317;1;Norbulingka Institute;8;Dharamsala;Himachala Pradesh;Norbulingka,Institute,Dharamsala,Himachala,Pradesh;State:Himachala Pradesh,Dist/Location:Dharamsala
1318;1;Viceregal Lodge;8;Shimla;Himachala Pradesh;Viceregal,Lodge,Shimla,Himachala,Pradesh;State:Himachala Pradesh,Dist/Location:Shimla
1319;1;Dainkund Peak;8;Dalhousie;Himachala Pradesh;Dainkund,Peak,Dalhousie,Himachala,Pradesh;State:Himachala Pradesh,Dist/Location:Dalhousie
1320;1;Rohtang Pass;8;Manali;Himachala Pradesh;Rohtang,Pass,Manali,Himachala,Pradesh;State:Himachala Pradesh,Dist/Location:Manali
1321;1;Hidimba Devi Temple;8;Manali;Himachala Pradesh;Hidimba,Devi,Temple,Manali,Himachala,Pradesh;State:Himachala Pradesh,Dist/Location:Manali
1322;1;Solang Valley;8;Manali;Himachala Pradesh;Solang,Valley,Manali,Himachala,Pradesh;State:Himachala Pradesh,Dist/Location:Manali
1323;1;Jakhu Temple;8;Shimla;Himachala Pradesh;Jakhu,Temple,Shimla,Himachala,Pradesh;State:Himachala Pradesh,Dist/Location:Shimla
1324;1;Dalai Lama Temple Complex;8;Dharamsala;Himachala Pradesh;Dalai,Lama,Temple,Complex,Dharamsala,Himachala,Pradesh;State:Himachala Pradesh,Dist/Location:Dharamsala
1325;1;Manikaran Gurudwara;8;Manali;Himachala Pradesh;Manikaran,Gurudwara,Manali,Himachala,Pradesh;State:Himachala Pradesh,Dist/Location:Manali
1326;1;HPCA Stadium;8;Dharamsala;Himachala Pradesh;HPCA,Stadium,Dharamsala,Himachala,Pradesh;State:Himachala Pradesh,Dist/Location:Dharamsala
1327;1;The Mall;8;Shimla;Himachala Pradesh;The,Mall,Shimla,Himachala,Pradesh;State:Himachala Pradesh,Dist/Location:Shimla
1328;1;Shimla Christ Church;8;Shimla;Himachala Pradesh;Shimla,Christ,Church,Shimla,Himachala,Pradesh;State:Himachala Pradesh,Dist/Location:Shimla
1329;1;Tirthan Valley;8;kullu;Himachala Pradesh;Tirthan,Valley,kullu,Himachala,Pradesh;State:Himachala Pradesh,Dist/Location:kullu
1330;1;Hatu Peak;8;Narkanda;Himachala Pradesh;Hatu,Peak,Narkanda,Himachala,Pradesh;State:Himachala Pradesh,Dist/Location:Narkanda
1331;1;Manki Point - Hanuman Temple;8;Kasauli;Himachala Pradesh;Manki,Point,-,Hanuman,Temple,Kasauli,Himachala,Pradesh;State:Himachala Pradesh,Dist/Location:Kasauli
1332;1;Chamera Lake;8;Dalhousie;Himachala Pradesh;Chamera,Lake,Dalhousie,Himachala,Pradesh;State:Himachala Pradesh,Dist/Location:Dalhousie
1333;1;Spiti Valley;8;;Himachala Pradesh;Spiti,Valley,Himachala,Pradesh;State:Himachala Pradesh,Dist/Location:
1334;1;Bhagsu Waterfall;8;McLeod Ganj;Himachala Pradesh;Bhagsu,Waterfall,McLeod,Ganj,Himachala,Pradesh;State:Himachala Pradesh,Dist/Location:McLeod Ganj
1335;1;Gaiety Heritage Cultural Complex;8;Shimla;Himachala Pradesh;Gaiety,Heritage,Cultural,Complex,Shimla,Himachala,Pradesh;State:Himachala Pradesh,Dist/Location:Shimla
1336;1;Naggar Castle;8;Manali;Himachala Pradesh;Naggar,Castle,Manali,Himachala,Pradesh;State:Himachala Pradesh,Dist/Location:Manali
1337;1;Gulaba;8;Manali;Himachala Pradesh;Gulaba,Manali,Himachala,Pradesh;State:Himachala Pradesh,Dist/Location:Manali
1338;1;Van Vihar National Park;8;Manali;Himachala Pradesh;Van,Vihar,National,Park,Manali,Himachala,Pradesh;State:Himachala Pradesh,Dist/Location:Manali
1339;1;Khajjiar Lake;8;Chamba;Himachala Pradesh;Khajjiar,Lake,Chamba,Himachala,Pradesh;State:Himachala Pradesh,Dist/Location:Chamba
1340;1;Kangra Fort;8;Kangra;Himachala Pradesh;Kangra,Fort,Kangra,Himachala,Pradesh;State:Himachala Pradesh,Dist/Location:Kangra
1341;1;Prashar Lake;8;Mandi;Himachala Pradesh;Prashar,Lake,Mandi,Himachala,Pradesh;State:Himachala Pradesh,Dist/Location:Mandi
1342;1;Tara Devi Temple;8;Shimla;Himachala Pradesh;Tara,Devi,Temple,Shimla,Himachala,Pradesh;State:Himachala Pradesh,Dist/Location:Shimla
1343;1;Jogini waterfall;8;Manali;Himachala Pradesh;Jogini,waterfall,Manali,Himachala,Pradesh;State:Himachala Pradesh,Dist/Location:Manali
1344;1;Annandale;8;Shimla;Himachala Pradesh;Annandale,Shimla,Himachala,Pradesh;State:Himachala Pradesh,Dist/Location:Shimla
1345;1;Jogini waterfall;8;Manali;Himachala Pradesh;Jogini,waterfall,Manali,Himachala,Pradesh;State:Himachala Pradesh,Dist/Location:Manali
1346;1;Annandale;8;Shimla;Himachala Pradesh;Annandale,Shimla,Himachala,Pradesh;State:Himachala Pradesh,Dist/Location:Shimla
1347;1;Solang-Nullah;8;Manali;Himachala Pradesh;Solang-Nullah,Manali,Himachala,Pradesh;State:Himachala Pradesh,Dist/Location:Manali
1348;1;Christ Church Kasauli;8;Kasauli;Himachala Pradesh;Christ,Church,Kasauli,Kasauli,Himachala,Pradesh;State:Himachala Pradesh,Dist/Location:Kasauli
1349;1;Bhagsunath Temple;8;McLeod Ganj;Himachala Pradesh;Bhagsunath,Temple,McLeod,Ganj,Himachala,Pradesh;State:Himachala Pradesh,Dist/Location:McLeod Ganj
1350;1;Church of St. John;8;Dharamsala;Himachala Pradesh;Church,of,St.,John,Dharamsala,Himachala,Pradesh;State:Himachala Pradesh,Dist/Location:Dharamsala
1351;1;Vashishti Baths;8;Manali;Himachala Pradesh;Vashishti,Baths,Manali,Himachala,Pradesh;State:Himachala Pradesh,Dist/Location:Manali
1352;1;Kangra Valley;8;Dharamsala;Himachala Pradesh;Kangra,Valley,Dharamsala,Himachala,Pradesh;State:Himachala Pradesh,Dist/Location:Dharamsala
1353;1;Vashishti Baths;8;Manali;Himachala Pradesh;Vashishti,Baths,Manali,Himachala,Pradesh;State:Himachala Pradesh,Dist/Location:Manali
1354;1;Kangra Valley;8;Dharamsala;Himachala Pradesh;Kangra,Valley,Dharamsala,Himachala,Pradesh;State:Himachala Pradesh,Dist/Location:Dharamsala
1355;1;Sunset Point ;8;Kasauli;Himachala Pradesh;Sunset,Point,Kasauli,Himachala,Pradesh;State:Himachala Pradesh,Dist/Location:Kasauli
1356;1;Jawalamukhi Devi Temple;8;Dharamsala;Himachala Pradesh;Jawalamukhi,Devi,Temple,Dharamsala,Himachala,Pradesh;State:Himachala Pradesh,Dist/Location:Dharamsala
1357;1;Kali Bari Temple;8;Shimla;Himachala Pradesh;Kali,Bari,Temple,Shimla,Himachala,Pradesh;State:Himachala Pradesh,Dist/Location:Shimla
1358;1;Manu Temple;8;Manali;Himachala Pradesh;Manu,Temple,Manali,Himachala,Pradesh;State:Himachala Pradesh,Dist/Location:Manali
1359;1;Chitkul;8;Sangla;Himachala Pradesh;Chitkul,Sangla,Himachala,Pradesh;State:Himachala Pradesh,Dist/Location:Sangla
1360;1;Kalachakra Temple;8;McLeod Ganj;Himachala Pradesh;Kalachakra,Temple,McLeod,Ganj,Himachala,Pradesh;State:Himachala Pradesh,Dist/Location:McLeod Ganj
1361;1;Tsechokling Gompa;8;McLeod Ganj;Himachala Pradesh;Tsechokling,Gompa,McLeod,Ganj,Himachala,Pradesh;State:Himachala Pradesh,Dist/Location:McLeod Ganj
1362;1;Gyuto Monastery ;8;Dharamsala;Himachala Pradesh;Gyuto,Monastery,Dharamsala,Himachala,Pradesh;State:Himachala Pradesh,Dist/Location:Dharamsala
1363;1;Kalatop Wildlife Sanctuary;8;Chamba;Himachala Pradesh;Kalatop,Wildlife,Sanctuary,Chamba,Himachala,Pradesh;State:Himachala Pradesh,Dist/Location:Chamba
1364;1;Jana Falls;8;Manali;Himachala Pradesh;Jana,Falls,Manali,Himachala,Pradesh;State:Himachala Pradesh,Dist/Location:Manali
1365;1;Green Valley;8;Shimla;Himachala Pradesh;Green,Valley,Shimla,Himachala,Pradesh;State:Himachala Pradesh,Dist/Location:Shimla
1366;1;Nicholas Roerich Art Gallery;8;Naggar;Himachala Pradesh;Nicholas,Roerich,Art,Gallery,Naggar,Himachala,Pradesh;State:Himachala Pradesh,Dist/Location:Naggar
1367;1;Scandal Point;8;Shimla;Himachala Pradesh;Scandal,Point,Shimla,Himachala,Pradesh;State:Himachala Pradesh,Dist/Location:Shimla
1368;1;Hot Springs at Manikaran;8;Kullu;Himachala Pradesh;Hot,Springs,at,Manikaran,Kullu,Himachala,Pradesh;State:Himachala Pradesh,Dist/Location:Kullu
1369;1;Rakcham;8;Sangla;Himachala Pradesh;Rakcham,Sangla,Himachala,Pradesh;State:Himachala Pradesh,Dist/Location:Sangla
1370;1;Kibber Village;8;Kaza;Himachala Pradesh;Kibber,Village,Kaza,Himachala,Pradesh;State:Himachala Pradesh,Dist/Location:Kaza
1371;1;Chamunda Nandikeshwar Temple;8;Dharamsala;Himachala Pradesh;Chamunda,Nandikeshwar,Temple,Dharamsala,Himachala,Pradesh;State:Himachala Pradesh,Dist/Location:Dharamsala
1372;1;Great Himalayan National Park;8;Kullu;Himachala Pradesh;Great,Himalayan,National,Park,Kullu,Himachala,Pradesh;State:Himachala Pradesh,Dist/Location:Kullu
1373;1;Tushita Meditation Centre;8;Dharamsala;Himachala Pradesh;Tushita,Meditation,Centre,Dharamsala,Himachala,Pradesh;State:Himachala Pradesh,Dist/Location:Dharamsala
1374;1;Pandoh Dam ;8;Manali;Himachala Pradesh;Pandoh,Dam,Manali,Himachala,Pradesh;State:Himachala Pradesh,Dist/Location:Manali
1375;1;Beas Kund ;8;Manali;Himachala Pradesh;Beas,Kund,Manali,Himachala,Pradesh;State:Himachala Pradesh,Dist/Location:Manali
1376;1;Mohan Shakti Heritage Park;8;Solan;Himachala Pradesh;Mohan,Shakti,Heritage,Park,Solan,Himachala,Pradesh;State:Himachala Pradesh,Dist/Location:Solan
1377;1;Kinnaur ;8;Kinnaur ;Himachala Pradesh;Kinnaur,Kinnaur,Himachala,Pradesh;State:Himachala Pradesh,Dist/Location:Kinnaur 
1378;1;Tibetan Museum;8;McLeod Ganj;Himachala Pradesh;Tibetan,Museum,McLeod,Ganj,Himachala,Pradesh;State:Himachala Pradesh,Dist/Location:McLeod Ganj
1379;1;Kufri;8;Shimla;Himachala Pradesh;Kufri,Shimla,Himachala,Pradesh;State:Himachala Pradesh,Dist/Location:Shimla
1380;1;Bajreshwari Devi Temple;8;Kangra;Himachala Pradesh;Bajreshwari,Devi,Temple,Kangra,Himachala,Pradesh;State:Himachala Pradesh,Dist/Location:Kangra
1381;1;Masroor Rock Cut Temple;8;Kangra;Himachala Pradesh;Masroor,Rock,Cut,Temple,Kangra,Himachala,Pradesh;State:Himachala Pradesh,Dist/Location:Kangra
1382;1;Church of st john;8;Dharamsala;Himachala Pradesh;Church,of,st,john,Dharamsala,Himachala,Pradesh;State:Himachala Pradesh,Dist/Location:Dharamsala
1383;1;Jalori Pass;8;Shoja;Himachala Pradesh;Jalori,Pass,Shoja,Himachala,Pradesh;State:Himachala Pradesh,Dist/Location:Shoja
1384;1;Bhimakali Temple;8;Sarahan;Himachala Pradesh;Bhimakali,Temple,Sarahan,Himachala,Pradesh;State:Himachala Pradesh,Dist/Location:Sarahan
1385;1;Gurudwara Paonta Sahib ;8;Paonta Sahib;Himachala Pradesh;Gurudwara,Paonta,Sahib,Paonta,Sahib,Himachala,Pradesh;State:Himachala Pradesh,Dist/Location:Paonta Sahib
1386;1;Bijli Mahadev Temple;8;Kullu;Himachala Pradesh;Bijli,Mahadev,Temple,Kullu,Himachala,Pradesh;State:Himachala Pradesh,Dist/Location:Kullu
1387;1;Tabo Monastery;8;‎Lahaul and Spiti;Himachala Pradesh;Tabo,Monastery,‎Lahaul,and,Spiti,Himachala,Pradesh;State:Himachala Pradesh,Dist/Location:‎Lahaul and Spiti
1388;1;Dharamsala War Memorial;8;Dharamsala;Himachala Pradesh;Dharamsala,War,Memorial,Dharamsala,Himachala,Pradesh;State:Himachala Pradesh,Dist/Location:Dharamsala
1389;1;Tibet World;8;McLeod Ganj;Himachala Pradesh;Tibet,World,McLeod,Ganj,Himachala,Pradesh;State:Himachala Pradesh,Dist/Location:McLeod Ganj
1390;1;Jawali Ji Temple;8;Kangra;Himachala Pradesh;Jawali,Ji,Temple,Kangra,Himachala,Pradesh;State:Himachala Pradesh,Dist/Location:Kangra
1391;1;Nechung Monastery;8;McLeod Ganj;Himachala Pradesh;Nechung,Monastery,McLeod,Ganj,Himachala,Pradesh;State:Himachala Pradesh,Dist/Location:McLeod Ganj
1392;1;Museum of Himachal Culture & Folk Art;8;Manali;Himachala Pradesh;Museum,of,Himachal,Culture,&,Folk,Art,Manali,Himachala,Pradesh;State:Himachala Pradesh,Dist/Location:Manali
1393;1;Guna Devi Temple;8;McLeod Ganj;Himachala Pradesh;Guna,Devi,Temple,McLeod,Ganj,Himachala,Pradesh;State:Himachala Pradesh,Dist/Location:McLeod Ganj
1394;1;Bhrigu Lake;8;Manali;Himachala Pradesh;Bhrigu,Lake,Manali,Himachala,Pradesh;State:Himachala Pradesh,Dist/Location:Manali
1395;1;Shimla Heritage Walk;8;Shimla;Himachala Pradesh;Shimla,Heritage,Walk,Shimla,Himachala,Pradesh;State:Himachala Pradesh,Dist/Location:Shimla
1396;1;Chhitkul;8;Kinnaur ;Himachala Pradesh;Chhitkul,Kinnaur,Himachala,Pradesh;State:Himachala Pradesh,Dist/Location:Kinnaur 
1397;1;Baijnath Temple;8;Baijnath;Himachala Pradesh;Baijnath,Temple,Baijnath,Himachala,Pradesh;State:Himachala Pradesh,Dist/Location:Baijnath
1398;1;Dhankar Gompa;8;Lahaul and Spiti;Himachala Pradesh;Dhankar,Gompa,Lahaul,and,Spiti,Himachala,Pradesh;State:Himachala Pradesh,Dist/Location:Lahaul and Spiti
1399;1;Rewalsar Lake;8;Mandi;Himachala Pradesh;Rewalsar,Lake,Mandi,Himachala,Pradesh;State:Himachala Pradesh,Dist/Location:Mandi
1400;1;Gadhan Thekchhokling Gompa Monastery;8;Manali;Himachala Pradesh;Gadhan,Thekchhokling,Gompa,Monastery,Manali,Himachala,Pradesh;State:Himachala Pradesh,Dist/Location:Manali
1401;1;Tattapani;8;Tatapani;Himachala Pradesh;Tattapani,Tatapani,Himachala,Pradesh;State:Himachala Pradesh,Dist/Location:Tatapani
1402;1;Renuka Lake;8;Sirmaur ;Himachala Pradesh;Renuka,Lake,Sirmaur,Himachala,Pradesh;State:Himachala Pradesh,Dist/Location:Sirmaur 
1403;1;Sri Naina Devi Ji;8;Bilaspur;Himachala Pradesh;Sri,Naina,Devi,Ji,Bilaspur,Himachala,Pradesh;State:Himachala Pradesh,Dist/Location:Bilaspur
1404;1;Chamera Dam;8;Chamba;Himachala Pradesh;Chamera,Dam,Chamba,Himachala,Pradesh;State:Himachala Pradesh,Dist/Location:Chamba
1405;1;Kye Monastery;8;Lahaul and Spiti;Himachala Pradesh;Kye,Monastery,Lahaul,and,Spiti,Himachala,Pradesh;State:Himachala Pradesh,Dist/Location:Lahaul and Spiti
1406;1;Annadale;8;Shimla;Himachala Pradesh;Annadale,Shimla,Himachala,Pradesh;State:Himachala Pradesh,Dist/Location:Shimla
1407;1;Jakhoo Hill;8;Shimla;Himachala Pradesh;Jakhoo,Hill,Shimla,Himachala,Pradesh;State:Himachala Pradesh,Dist/Location:Shimla
1408;1;Tea Garden;8;Dharamsala;Himachala Pradesh;Tea,Garden,Dharamsala,Himachala,Pradesh;State:Himachala Pradesh,Dist/Location:Dharamsala
1409;1;Gue Mummy.;8;Kaza;Himachala Pradesh;Gue,Mummy.,Kaza,Himachala,Pradesh;State:Himachala Pradesh,Dist/Location:Kaza
1410;1;Monkey Point ;8;Kasauli;Himachala Pradesh;Monkey,Point,Kasauli,Himachala,Pradesh;State:Himachala Pradesh,Dist/Location:Kasauli
1411;1;Chintpurni Temple;8;Una;Himachala Pradesh;Chintpurni,Temple,Una,Himachala,Pradesh;State:Himachala Pradesh,Dist/Location:Una
1412;1;Saurabh Van Vihar;8;Palampur;Himachala Pradesh;Saurabh,Van,Vihar,Palampur,Himachala,Pradesh;State:Himachala Pradesh,Dist/Location:Palampur
1413;1;Vaishno Devi Temple ;8;kullu;Himachala Pradesh;Vaishno,Devi,Temple,kullu,Himachala,Pradesh;State:Himachala Pradesh,Dist/Location:kullu
1414;1;Barot Valley;8;Mandi;Himachala Pradesh;Barot,Valley,Mandi,Himachala,Pradesh;State:Himachala Pradesh,Dist/Location:Mandi
1415;1;Kasauli Baptist Church ;8;Kasauli;Himachala Pradesh;Kasauli,Baptist,Church,Kasauli,Himachala,Pradesh;State:Himachala Pradesh,Dist/Location:Kasauli
1416;1;Aghanjar Mahadev Temple;8;Dharamsala;Himachala Pradesh;Aghanjar,Mahadev,Temple,Dharamsala,Himachala,Pradesh;State:Himachala Pradesh,Dist/Location:Dharamsala
1417;1;Himachal State Museum;8;Shimla;Himachala Pradesh;Himachal,State,Museum,Shimla,Himachala,Pradesh;State:Himachala Pradesh,Dist/Location:Shimla
1418;1;Maharaja's Palace;8;Chail;Himachala Pradesh;Maharaja's,Palace,Chail,Himachala,Pradesh;State:Himachala Pradesh,Dist/Location:Chail
1419;1;Laxmi Narayan Temple ;8;Chamba;Himachala Pradesh;Laxmi,Narayan,Temple,Chamba,Himachala,Pradesh;State:Himachala Pradesh,Dist/Location:Chamba
1420;1;Shimla Glen;8;Shimla;Himachala Pradesh;Shimla,Glen,Shimla,Himachala,Pradesh;State:Himachala Pradesh,Dist/Location:Shimla
1421;1;Chandertal Lake;8;Lahul and Spiti;Himachala Pradesh;Chandertal,Lake,Lahul,and,Spiti,Himachala,Pradesh;State:Himachala Pradesh,Dist/Location:Lahul and Spiti
1422;1;St. John's Church;8;Dalhousie;Himachala Pradesh;St.,John's,Church,Dalhousie,Himachala,Pradesh;State:Himachala Pradesh,Dist/Location:Dalhousie
1423;1;Summer Hill ;8;Shimla;Himachala Pradesh;Summer,Hill,Shimla,Himachala,Pradesh;State:Himachala Pradesh,Dist/Location:Shimla
1424;1;St. Patrick's Church;8;Dalhousie;Himachala Pradesh;St.,Patrick's,Church,Dalhousie,Himachala,Pradesh;State:Himachala Pradesh,Dist/Location:Dalhousie
1425;1;Sobha Singh's Art Gallery ;8;Palampur;Himachala Pradesh;Sobha,Singh's,Art,Gallery,Palampur,Himachala,Pradesh;State:Himachala Pradesh,Dist/Location:Palampur
1426;1;Hampta Pass;8;Manali;Himachala Pradesh;Hampta,Pass,Manali,Himachala,Pradesh;State:Himachala Pradesh,Dist/Location:Manali
1427;1;Rahala Falls;8;Manali;Himachala Pradesh;Rahala,Falls,Manali,Himachala,Pradesh;State:Himachala Pradesh,Dist/Location:Manali
1428;1;Deer Park Institute ;8;Bir;Himachala Pradesh;Deer,Park,Institute,Bir,Himachala,Pradesh;State:Himachala Pradesh,Dist/Location:Bir
1429;1;Baglamukhi Temple;8;Kangra;Himachala Pradesh;Baglamukhi,Temple,Kangra,Himachala,Pradesh;State:Himachala Pradesh,Dist/Location:Kangra
1430;1;Chamunda Devi Temple;8;Chamba;Himachala Pradesh;Chamunda,Devi,Temple,Chamba,Himachala,Pradesh;State:Himachala Pradesh,Dist/Location:Chamba
1431;1;Gurudwara Sahib;8;Chail;Himachala Pradesh;Gurudwara,Sahib,Chail,Himachala,Pradesh;State:Himachala Pradesh,Dist/Location:Chail
1432;1;Kamru Fort;8;Sangla;Himachala Pradesh;Kamru,Fort,Sangla,Himachala,Pradesh;State:Himachala Pradesh,Dist/Location:Sangla
1433;1;Jatoli Shiv Temple;8;Solan;Himachala Pradesh;Jatoli,Shiv,Temple,Solan,Himachala,Pradesh;State:Himachala Pradesh,Dist/Location:Solan
1434;1;Lahaul Valley ;8;Lahaul and Spiti ;Himachala Pradesh;Lahaul,Valley,Lahaul,and,Spiti,Himachala,Pradesh;State:Himachala Pradesh,Dist/Location:Lahaul and Spiti 
1435;1;Shoolini Temple;8;Shimla;Himachala Pradesh;Shoolini,Temple,Shimla,Himachala,Pradesh;State:Himachala Pradesh,Dist/Location:Shimla
1436;1;Parvati Valley;8;Malana;Himachala Pradesh;Parvati,Valley,Malana,Himachala,Pradesh;State:Himachala Pradesh,Dist/Location:Malana
1437;1;Nako Lake;8;Kinnaur ;Himachala Pradesh;Nako,Lake,Kinnaur,Himachala,Pradesh;State:Himachala Pradesh,Dist/Location:Kinnaur 
1438;1;Hanuman Temple;8;Shoghi;Himachala Pradesh;Hanuman,Temple,Shoghi,Himachala,Pradesh;State:Himachala Pradesh,Dist/Location:Shoghi
1439;1;Chandra Taal;8;Lahul and Spiti;Himachala Pradesh;Chandra,Taal,Lahul,and,Spiti,Himachala,Pradesh;State:Himachala Pradesh,Dist/Location:Lahul and Spiti
1440;1;Renuka Wildlife Sanctuary;8;Nahan;Himachala Pradesh;Renuka,Wildlife,Sanctuary,Nahan,Himachala,Pradesh;State:Himachala Pradesh,Dist/Location:Nahan
1441;1;Manimahesh Lake;8;Chamba;Himachala Pradesh;Manimahesh,Lake,Chamba,Himachala,Pradesh;State:Himachala Pradesh,Dist/Location:Chamba
1442;1;Pin Valley National Park;8;Lahaul and Spiti ;Himachala Pradesh;Pin,Valley,National,Park,Lahaul,and,Spiti,Himachala,Pradesh;State:Himachala Pradesh,Dist/Location:Lahaul and Spiti 
1443;1;Jakhani Mata ;8;Palampur;Himachala Pradesh;Jakhani,Mata,Palampur,Himachala,Pradesh;State:Himachala Pradesh,Dist/Location:Palampur
1444;1;Kangra Art Museum;8;Dharamsala;Himachala Pradesh;Kangra,Art,Museum,Dharamsala,Himachala,Pradesh;State:Himachala Pradesh,Dist/Location:Dharamsala
1445;1;The Ridge;8;Shimla;Himachala Pradesh;The,Ridge,Shimla,Himachala,Pradesh;State:Himachala Pradesh,Dist/Location:Shimla
1446;1;Dhauladhar;8;Kangra and Mandi;Himachala Pradesh;Dhauladhar,Kangra,and,Mandi,Himachala,Pradesh;State:Himachala Pradesh,Dist/Location:Kangra and Mandi
1447;1;Dal Lake;8;Kangra ;Himachala Pradesh;Dal,Lake,Kangra,Himachala,Pradesh;State:Himachala Pradesh,Dist/Location:Kangra 
1448;1;Kinnaur Kailash;8;Kinnaur ;Himachala Pradesh;Kinnaur,Kailash,Kinnaur,Himachala,Pradesh;State:Himachala Pradesh,Dist/Location:Kinnaur 
1449;1;Namgyal Monastery;8;Dharamshala;Himachala Pradesh;Namgyal,Monastery,Dharamshala,Himachala,Pradesh;State:Himachala Pradesh,Dist/Location:Dharamshala
1450;1;Bhagsu Falls;8;Dharamshala;Himachala Pradesh;Bhagsu,Falls,Dharamshala,Himachala,Pradesh;State:Himachala Pradesh,Dist/Location:Dharamshala
1451;1;St. John in the Wilderness;8;McLeodGanj;Himachala Pradesh;St.,John,in,the,Wilderness,McLeodGanj,Himachala,Pradesh;State:Himachala Pradesh,Dist/Location:McLeodGanj
1452;1;Querim Beach;8;Panaji;Goa;Querim,Beach,Panaji,Goa;State:Goa,Dist/Location:Panaji
1453;1;Arambol Beach;8;Panaji;Goa;Arambol,Beach,Panaji,Goa;State:Goa,Dist/Location:Panaji
1454;1;Mandrem Beach;8;Panaji;Goa;Mandrem,Beach,Panaji,Goa;State:Goa,Dist/Location:Panaji
1455;1;Morjim Beach;8;Panaji;Goa;Morjim,Beach,Panaji,Goa;State:Goa,Dist/Location:Panaji
1456;1;Chapora Beach;8;Panaji;Goa;Chapora,Beach,Panaji,Goa;State:Goa,Dist/Location:Panaji
1457;1;Vagator Beach;8;Panaji;Goa;Vagator,Beach,Panaji,Goa;State:Goa,Dist/Location:Panaji
1458;1;Anjuna Beach;8;Panaji;Goa;Anjuna,Beach,Panaji,Goa;State:Goa,Dist/Location:Panaji
1459;1;Baga Beach;8;Panaji;Goa;Baga,Beach,Panaji,Goa;State:Goa,Dist/Location:Panaji
1460;1;Calangute Beach;8;Panaji;Goa;Calangute,Beach,Panaji,Goa;State:Goa,Dist/Location:Panaji
1461;1;Candolim Beach;8;Panaji;Goa;Candolim,Beach,Panaji,Goa;State:Goa,Dist/Location:Panaji
1462;1;Sinquerim Beach;8;Panaji;Goa;Sinquerim,Beach,Panaji,Goa;State:Goa,Dist/Location:Panaji
1463;1;Miramar Beach;8;Panaji;Goa;Miramar,Beach,Panaji,Goa;State:Goa,Dist/Location:Panaji
1464;1;Dona Paula Beach;8;Panaji;Goa;Dona,Paula,Beach,Panaji,Goa;State:Goa,Dist/Location:Panaji
1465;1;Siridao Beach;8;Panaji;Goa;Siridao,Beach,Panaji,Goa;State:Goa,Dist/Location:Panaji
1466;1;Bogmalo Beach;8;Panaji;Goa;Bogmalo,Beach,Panaji,Goa;State:Goa,Dist/Location:Panaji
1467;1;Cansaulim Beach;8;Margao  ;Goa;Cansaulim,Beach,Margao,Goa;State:Goa,Dist/Location:Margao  
1468;1;Majorda Beach;8;Margao  ;Goa;Majorda,Beach,Margao,Goa;State:Goa,Dist/Location:Margao  
1469;1;Betalbatim Beach;8;Margao  ;Goa;Betalbatim,Beach,Margao,Goa;State:Goa,Dist/Location:Margao  
1470;1;Colva Beach;8;Margao  ;Goa;Colva,Beach,Margao,Goa;State:Goa,Dist/Location:Margao  
1471;1;Benaulim Beach;8;Margao  ;Goa;Benaulim,Beach,Margao,Goa;State:Goa,Dist/Location:Margao  
1472;1;Cavelossim Beach;8;Margao  ;Goa;Cavelossim,Beach,Margao,Goa;State:Goa,Dist/Location:Margao  
1473;1;Mobor Beach;8;Margao  ;Goa;Mobor,Beach,Margao,Goa;State:Goa,Dist/Location:Margao  
1474;1;Betul Beach;8;Margao  ;Goa;Betul,Beach,Margao,Goa;State:Goa,Dist/Location:Margao  
1475;1;Agonda Beach;8;Margao  ;Goa;Agonda,Beach,Margao,Goa;State:Goa,Dist/Location:Margao  
1476;1;Palolem Beach;8;Margao  ;Goa;Palolem,Beach,Margao,Goa;State:Goa,Dist/Location:Margao  
1477;1;Butterfly Beach;8;Margao  ;Goa;Butterfly,Beach,Margao,Goa;State:Goa,Dist/Location:Margao  
1478;1;Patnem Beach;8;Margao  ;Goa;Patnem,Beach,Margao,Goa;State:Goa,Dist/Location:Margao  
1479;1;Talpona Beach;8;Margao  ;Goa;Talpona,Beach,Margao,Goa;State:Goa,Dist/Location:Margao  
1480;1;Galgibaga Beach;8;Margao  ;Goa;Galgibaga,Beach,Margao,Goa;State:Goa,Dist/Location:Margao  
1481;1;Polem Beach;8;Margao  ;Goa;Polem,Beach,Margao,Goa;State:Goa,Dist/Location:Margao  
